Rk;G;Date;@;OppT;W/L;Tm;Opp;ORtg;DRtg;Pace;FTr;3PAr;TS%;TRB%;AST%;STL%;BLK%;a;eFG%;TOV%;ORB%;FT/FGA;b;OeFG%;OTOV%;DRB%;OFT/FGA;T
1;1;25/10/2023;@;NYK;W;108;104;114.4;110.1;94.4;.338;.506;.611;49.5;48.6;6.4;19.6;;.558;12.8;18.9;.286;;.464;7.7;69.6;.144;BOS
2;2;27/10/2023;;MIA;W;119;111;119.8;111.7;99.3;.200;.411;.576;55.0;44.4;7.0;10.7;;.558;12.7;32.0;.137;;.517;10.8;78.0;.213;BOS
3;3;30/10/2023;@;WAS;W;126;107;123.8;105.1;101.8;.069;.520;.600;56.0;60.8;10.8;11.8;;.593;13.9;34.1;.049;;.511;13.2;76.6;.207;BOS
4;4;01/11/2023;;IND;W;155;104;148.3;99.5;104.5;.295;.368;.722;64.8;50.0;4.8;3.1;;.674;9.3;32.4;.284;;.480;7.8;85.2;.069;BOS
5;5;04/11/2023;@;BRK;W;124;114;124.4;114.3;99.7;.300;.500;.609;54.3;51.2;4.0;12.5;;.561;9.7;23.8;.256;;.515;4.4;80.0;.110;BOS
6;6;06/11/2023;@;MIN;L;109;114;99.2;103.7;99.5;.370;.424;.510;50.0;55.6;11.8;4.2;;.451;13.0;22.0;.283;;.594;19.3;85.0;.153;BOS
7;7;08/11/2023;@;PHI;L;103;106;103.6;106.6;99.4;.209;.516;.518;43.4;77.8;8.0;9.8;;.478;10.8;17.0;.176;;.489;10.6;73.9;.137;BOS
8;8;10/11/2023;;BRK;W;121;107;129.9;114.9;93.1;.298;.553;.569;53.1;70.7;5.4;6.3;;.537;6.2;31.5;.213;;.535;9.7;79.5;.188;BOS
9;9;11/11/2023;;TOR;W;117;94;120.7;97.0;97.0;.151;.512;.638;55.4;63.8;1.0;7.4;;.634;11.6;14.3;.093;;.440;7.5;85.4;.154;BOS
10;10;13/11/2023;;NYK;W;114;98;135.3;116.3;84.2;.203;.544;.662;50.0;67.5;3.6;6.8;;.627;11.3;24.2;.190;;.513;8.2;70.7;.215;BOS
11;11;15/11/2023;@;PHI;W;117;107;128.4;117.4;91.1;.216;.568;.607;52.3;54.8;7.7;14.5;;.580;8.5;27.9;.170;;.524;8.7;76.7;.212;BOS
12;12;17/11/2023;@;TOR;W;108;105;110.4;107.4;97.8;.098;.500;.563;51.8;69.0;5.1;7.4;;.543;9.4;18.2;.087;;.552;12.2;87.8;.103;BOS
13;13;19/11/2023;@;MEM;W;102;100;111.1;108.9;91.8;.325;.403;.580;51.7;57.1;6.5;19.6;;.532;16.2;24.3;.260;;.479;8.3;72.0;.095;BOS
14;14;20/11/2023;@;CHO;L;118;121;110.9;113.7;96.3;.289;.515;.540;45.7;45.2;5.6;12.3;;.515;10.6;21.6;.186;;.505;10.4;68.5;.154;BOS
15;15;22/11/2023;;MIL;W;119;116;117.2;114.2;101.6;.202;.500;.650;47.8;61.4;3.0;7.5;;.625;14.1;10.5;.167;;.510;7.7;75.0;.129;BOS
16;16;24/11/2023;@;ORL;L;96;113;97.4;114.7;98.5;.487;.382;.520;39.2;54.8;10.1;7.0;;.454;13.2;10.3;.355;;.571;16.0;67.5;.188;BOS
1;1;26/10/2023;@;MIL;L;117;118;115.1;116.1;101.7;.350;.438;.634;47.6;61.0;7.9;7.8;;.613;14.0;10.3;.238;;.574;12.6;81.4;.309;PHI
2;2;28/10/2023;@;TOR;W;114;107;123.2;115.7;92.5;.244;.326;.598;50.6;58.1;8.6;12.7;;.558;8.6;24.3;.209;;.534;12.0;71.7;.161;PHI
3;3;29/10/2023;;POR;W;126;98;124.7;97.0;101.0;.488;.341;.633;54.8;70.0;9.9;27.0;;.555;13.1;28.2;.427;;.420;12.6;74.1;.202;PHI
4;4;02/11/2023;;TOR;W;114;99;117.1;101.7;97.3;.272;.272;.553;52.9;50.0;12.3;5.9;;.505;12.0;31.9;.228;;.544;17.9;77.5;.165;PHI
5;5;04/11/2023;;PHO;W;112;100;117.6;105.0;95.3;.200;.333;.572;54.8;55.8;5.2;11.1;;.539;14.8;35.7;.167;;.410;8.8;70.6;.303;PHI
6;6;06/11/2023;;WAS;W;146;128;132.1;115.9;110.5;.396;.341;.683;54.2;72.5;10.9;11.3;;.626;12.3;26.3;.352;;.583;15.3;77.8;.167;PHI
7;7;08/11/2023;;BOS;W;106;103;106.6;103.6;99.4;.158;.358;.522;56.6;47.6;7.0;15.9;;.489;10.6;26.1;.137;;.478;10.8;83.0;.176;PHI
8;8;10/11/2023;@;DET;W;114;106;117.1;108.9;97.3;.494;.337;.564;48.9;65.7;13.4;8.6;;.476;7.3;22.9;.422;;.512;14.3;76.1;.209;PHI
9;9;12/11/2023;;IND;W;137;126;140.6;129.3;97.5;.190;.314;.602;62.8;52.8;5.1;13.7;;.571;8.8;48.9;.162;;.611;9.2;79.5;.178;PHI
10;10;14/11/2023;;IND;L;126;132;116.9;122.4;107.8;.407;.256;.621;48.1;51.2;4.6;5.4;;.535;13.6;13.9;.395;;.586;9.3;76.7;.247;PHI
11;11;15/11/2023;;BOS;L;107;117;117.4;128.4;91.1;.259;.353;.565;47.7;46.2;5.5;2.6;;.524;8.7;23.3;.212;;.580;8.5;72.1;.170;PHI
12;12;17/11/2023;@;ATL;W;126;116;129.2;118.9;97.5;.318;.341;.628;52.4;74.4;9.2;7.1;;.563;13.0;34.2;.307;;.517;11.3;68.2;.270;PHI
13;13;19/11/2023;@;BRK;W;121;99;129.9;106.3;93.2;.191;.372;.594;49.4;72.7;8.6;7.5;;.553;3.8;21.7;.181;;.537;14.6;79.1;.148;PHI
14;14;21/11/2023;;CLE;L;119;122;112.6;115.5;95.7;.354;.365;.536;44.0;47.5;11.4;11.6;;.474;11.2;25.0;.292;;.537;12.5;68.2;.223;PHI
15;15;22/11/2023;@;MIN;L;99;112;101.5;114.8;97.5;.345;.368;.494;50.0;61.8;9.2;19.0;;.431;12.3;29.6;.276;;.539;10.8;76.2;.180;PHI
16;16;25/11/2023;@;OKC;W;127;123;134.5;130.2;94.5;.542;.494;.618;56.3;78.9;2.1;16.4;;.542;10.5;40.5;.446;;.520;3.5;71.1;.214;PHI
1;1;25/10/2023;;BOS;L;104;108;110.1;114.4;94.4;.268;.423;.480;50.5;66.7;9.5;0.0;;.464;7.7;30.4;.144;;.558;12.8;81.1;.286;NYK
2;2;27/10/2023;@;ATL;W;126;120;121.7;115.9;103.5;.311;.489;.616;50.6;69.8;8.7;10.9;;.589;13.5;25.5;.222;;.552;12.3;78.6;.276;NYK
3;3;28/10/2023;@;NOP;L;87;96;87.2;96.2;99.8;.200;.411;.444;57.8;57.6;7.0;5.6;;.406;15.5;29.1;.156;;.511;12.1;91.5;.080;NYK
4;4;31/10/2023;@;CLE;W;109;91;114.1;95.3;95.5;.291;.395;.562;51.1;47.4;9.4;1.9;;.517;12.6;27.3;.233;;.446;13.4;72.0;.098;NYK
5;5;01/11/2023;;CLE;L;89;95;92.7;99.0;96.0;.326;.326;.423;52.1;56.3;10.4;7.1;;.375;11.0;28.6;.217;;.514;17.9;85.0;.257;NYK
6;6;03/11/2023;@;MIL;L;105;110;107.2;112.3;97.9;.260;.406;.491;57.7;47.4;6.1;2.3;;.448;8.5;32.0;.198;;.549;12.9;85.1;.244;NYK
7;7;06/11/2023;;LAC;W;111;97;119.0;104.0;93.3;.205;.352;.579;60.8;68.3;13.9;2.4;;.534;16.5;42.9;.193;;.568;21.6;81.1;.192;NYK
8;8;08/11/2023;;SAS;W;126;105;131.0;109.2;96.2;.220;.420;.574;50.5;60.9;7.3;0.0;;.555;2.7;27.1;.150;;.539;12.0;75.6;.089;NYK
9;9;12/11/2023;;CHO;W;129;107;138.1;114.6;93.4;.345;.414;.644;52.6;53.2;8.6;6.8;;.626;8.2;32.3;.230;;.532;10.8;66.7;.074;NYK
10;10;13/11/2023;@;BOS;L;98;114;116.3;135.3;84.2;.304;.443;.547;50.0;51.5;5.9;5.6;;.513;8.2;29.3;.215;;.627;11.3;75.8;.190;NYK
11;11;15/11/2023;@;ATL;W;116;114;122.7;120.6;94.5;.117;.362;.587;58.3;64.4;9.5;4.5;;.564;13.9;36.8;.106;;.627;14.8;82.4;.267;NYK
12;12;17/11/2023;@;WAS;W;120;99;129.4;106.7;92.8;.220;.418;.601;60.0;57.8;5.4;12.0;;.582;9.1;35.9;.154;;.512;13.6;82.9;.183;NYK
13;13;18/11/2023;@;CHO;W;122;108;127.0;112.4;96.1;.209;.407;.614;56.6;58.7;7.3;8.5;;.593;10.8;28.9;.154;;.591;12.9;89.5;.134;NYK
14;14;20/11/2023;@;MIN;L;100;117;103.2;120.7;96.9;.370;.413;.467;53.2;50.0;8.3;6.5;;.397;8.5;31.5;.293;;.581;12.1;82.5;.300;NYK
15;15;24/11/2023;;MIA;W;100;98;103.1;101.0;97.0;.222;.358;.562;52.9;53.8;7.2;4.0;;.543;16.8;16.2;.148;;.448;10.3;80.0;.230;NYK
1;1;25/10/2023;;MIN;W;97;94;95.1;92.1;102.0;.178;.389;.500;43.1;75.0;8.8;15.9;;.478;12.6;14.8;.122;;.380;11.3;70.9;.180;TOR
2;2;27/10/2023;@;CHI;L;103;104;95.3;96.3;97.8;.298;.429;.542;50.5;64.1;4.6;3.3;;.518;18.1;17.8;.190;;.414;12.6;75.0;.222;TOR
3;3;28/10/2023;;PHI;L;107;114;115.7;123.2;92.5;.218;.368;.561;49.4;73.7;5.4;8.6;;.534;12.0;28.3;.161;;.558;8.6;75.7;.209;TOR
4;4;30/10/2023;;POR;L;91;99;98.0;106.6;92.8;.160;.309;.452;48.0;50.0;10.8;8.0;;.426;9.9;26.9;.117;;.512;13.3;71.7;.141;TOR
5;5;01/11/2023;;MIL;W;130;111;136.0;116.1;95.6;.154;.418;.669;63.3;68.6;7.3;14.3;;.643;14.1;40.5;.143;;.546;11.5;83.3;.368;TOR
6;6;02/11/2023;@;PHI;L;99;114;101.7;117.1;97.3;.241;.354;.567;47.1;78.9;4.1;4.5;;.544;17.9;22.5;.165;;.505;12.0;68.1;.228;TOR
7;7;05/11/2023;@;SAS;W;123;116;114.9;108.4;97.0;.268;.495;.567;50.5;65.9;11.2;9.4;;.552;11.4;26.0;.165;;.552;14.3;79.1;.104;TOR
8;8;08/11/2023;@;DAL;W;127;116;122.0;111.4;104.1;.273;.364;.573;56.8;55.1;9.6;9.3;;.551;9.0;31.9;.182;;.577;13.3;85.4;.226;TOR
9;9;11/11/2023;@;BOS;L;94;117;97.0;120.7;97.0;.176;.407;.479;44.6;71.4;8.3;2.4;;.440;7.5;14.6;.154;;.634;11.6;85.7;.093;TOR
10;10;13/11/2023;;WAS;W;111;107;110.3;106.3;100.6;.278;.222;.550;55.8;62.2;10.9;6.9;;.522;13.7;34.8;.189;;.583;19.8;80.0;.107;TOR
11;11;15/11/2023;;MIL;L;112;128;117.5;134.3;95.3;.323;.344;.511;57.3;73.7;10.5;17.4;;.443;11.3;44.8;.281;;.635;12.1;76.3;.235;TOR
12;12;17/11/2023;;BOS;L;105;108;107.4;110.4;97.8;.161;.379;.564;48.2;69.0;4.1;2.2;;.552;12.2;12.2;.103;;.543;9.4;81.8;.087;TOR
13;13;19/11/2023;;DET;W;142;113;132.9;105.8;106.8;.284;.353;.619;53.4;80.0;9.4;8.8;;.608;5.7;26.1;.176;;.524;14.7;83.3;.313;TOR
14;14;21/11/2023;@;ORL;L;107;126;105.2;123.8;101.7;.293;.373;.632;48.7;76.3;5.9;8.7;;.600;21.4;16.7;.227;;.560;9.9;68.8;.140;TOR
15;15;22/11/2023;@;IND;W;132;131;125.9;125.0;104.8;.333;.300;.640;59.7;54.2;6.7;5.8;;.594;14.1;33.3;.278;;.648;12.5;86.8;.143;TOR
16;16;24/11/2023;;CHI;W;121;108;130.5;116.5;92.7;.325;.470;.638;51.9;72.7;8.6;10.9;;.608;12.9;31.7;.241;;.585;11.7;75.0;.146;TOR
1;1;25/10/2023;;CLE;L;113;114;115.9;116.9;97.5;.310;.321;.592;56.8;71.4;6.2;11.8;;.554;15.1;31.0;.238;;.559;9.2;80.4;.096;BRK
2;2;27/10/2023;@;DAL;L;120;125;119.2;124.2;100.6;.109;.467;.622;54.0;66.7;5.0;7.3;;.603;13.5;23.8;.098;;.566;8.0;82.2;.242;BRK
3;3;30/10/2023;@;CHO;W;133;121;128.9;117.3;103.2;.368;.379;.658;54.1;51.0;3.9;12.3;;.632;11.4;24.4;.264;;.531;7.9;81.8;.198;BRK
4;4;01/11/2023;@;MIA;W;109;105;106.6;102.7;102.3;.317;.439;.583;50.5;73.0;10.8;7.5;;.549;16.2;16.7;.232;;.500;13.9;78.4;.154;BRK
5;5;03/11/2023;@;CHI;W;109;107;115.5;113.4;94.3;.052;.469;.555;48.1;72.7;4.2;6.6;;.552;7.5;19.5;.031;;.545;9.5;77.5;.112;BRK
6;6;04/11/2023;;BOS;L;114;124;114.3;124.4;99.7;.170;.520;.530;45.7;51.2;4.0;11.1;;.515;4.4;20.0;.110;;.561;9.7;76.2;.256;BRK
7;7;06/11/2023;;MIL;L;125;129;123.1;127.0;101.6;.129;.446;.586;48.9;44.9;2.0;8.3;;.564;7.0;23.4;.109;;.563;8.6;74.5;.219;BRK
8;8;08/11/2023;;LAC;W;100;93;103.6;96.3;96.5;.141;.446;.512;49.0;59.5;10.4;18.2;;.484;12.5;25.9;.120;;.440;13.4;76.1;.143;BRK
9;9;10/11/2023;@;BOS;L;107;121;114.9;129.9;93.1;.212;.435;.576;46.9;68.4;0.0;7.1;;.535;9.7;20.5;.188;;.537;6.2;68.5;.213;BRK
10;10;12/11/2023;;WAS;W;102;94;100.7;92.8;101.2;.204;.500;.478;61.1;59.5;5.9;12.8;;.439;14.4;36.4;.163;;.432;10.8;86.8;.205;BRK
11;11;14/11/2023;;ORL;W;124;104;131.8;110.6;94.0;.235;.459;.661;54.3;47.8;13.8;8.3;;.653;13.8;31.7;.153;;.537;13.3;77.5;.195;BRK
12;12;16/11/2023;@;MIA;L;115;122;122.5;130.0;93.9;.318;.424;.594;55.6;72.5;5.3;6.5;;.553;12.6;28.6;.247;;.611;8.9;81.1;.284;BRK
13;13;19/11/2023;;PHI;L;99;121;106.3;129.9;93.2;.198;.346;.562;50.6;63.2;2.1;13.6;;.537;14.6;20.9;.148;;.553;3.8;78.3;.181;BRK
14;14;22/11/2023;@;ATL;L;145;147;125.7;127.4;104.5;.212;.310;.587;50.4;50.9;6.9;9.0;;.553;11.5;37.9;.177;;.517;9.8;62.7;.233;BRK
15;15;25/11/2023;;MIA;W;112;97;121.5;105.2;92.2;.295;.462;.635;48.8;69.2;11.9;17.0;;.590;11.1;20.5;.256;;.500;15.5;72.3;.115;BRK
1;1;26/10/2023;;PHI;W;118;117;116.1;115.1;101.7;.444;.370;.609;52.4;48.8;8.9;8.9;;.574;12.6;18.6;.309;;.613;14.0;89.7;.238;MIL
2;2;29/10/2023;;ATL;L;110;127;106.6;123.1;103.2;.233;.512;.580;45.9;56.4;9.7;5.4;;.547;19.5;26.7;.186;;.586;14.2;67.5;.194;MIL
3;3;30/10/2023;;MIA;W;122;114;120.2;112.4;101.5;.345;.425;.609;51.8;54.5;7.9;9.6;;.575;12.3;21.4;.253;;.552;12.9;82.9;.221;MIL
4;4;01/11/2023;@;TOR;L;111;130;116.1;136.0;95.6;.500;.447;.599;36.7;54.3;9.4;3.8;;.546;11.5;16.7;.368;;.643;14.1;59.5;.143;MIL
5;5;03/11/2023;;NYK;W;110;105;112.3;107.2;97.9;.341;.476;.583;42.3;68.6;6.1;17.5;;.549;12.9;14.9;.244;;.448;8.5;68.0;.198;MIL
6;6;06/11/2023;@;BRK;W;129;125;127.0;123.1;101.6;.250;.500;.605;51.1;56.5;5.9;3.6;;.563;8.6;25.5;.219;;.564;7.0;76.6;.109;MIL
7;7;08/11/2023;;DET;W;120;118;111.8;110.0;107.3;.356;.411;.576;40.4;46.3;7.5;10.1;;.517;8.8;10.6;.300;;.526;13.9;73.8;.153;MIL
8;8;09/11/2023;@;IND;L;124;126;120.4;122.3;103.0;.299;.310;.630;50.6;50.0;5.8;11.4;;.580;12.5;13.9;.264;;.587;9.8;80.0;.196;MIL
9;9;11/11/2023;@;ORL;L;97;112;100.0;115.5;97.0;.325;.377;.551;45.6;65.8;9.3;10.3;;.552;17.8;15.2;.156;;.488;11.6;67.4;.357;MIL
10;10;13/11/2023;;CHI;W;118;109;122.3;112.9;96.5;.303;.528;.585;53.0;54.8;3.1;8.6;;.556;12.9;31.0;.213;;.450;5.2;69.0;.190;MIL
11;11;15/11/2023;@;TOR;W;128;112;134.3;117.5;95.3;.247;.459;.679;42.7;56.8;8.4;14.3;;.635;12.1;23.7;.235;;.443;11.3;55.2;.281;MIL
12;12;17/11/2023;@;CHO;W;130;99;126.9;96.6;102.4;.146;.506;.686;53.3;65.3;3.9;10.8;;.674;12.1;10.5;.112;;.440;10.6;83.3;.209;MIL
13;13;18/11/2023;;DAL;W;132;125;126.7;120.0;104.2;.213;.479;.642;45.6;59.2;7.7;5.4;;.612;5.5;11.6;.181;;.573;10.1;76.6;.068;MIL
14;14;20/11/2023;@;WAS;W;142;129;140.5;127.6;101.1;.298;.309;.668;67.9;60.0;3.0;8.6;;.644;10.9;43.2;.223;;.606;3.7;88.6;.091;MIL
15;15;22/11/2023;@;BOS;L;116;119;114.2;117.2;101.6;.168;.337;.535;52.2;51.1;8.9;4.8;;.510;7.7;25.0;.129;;.625;14.1;89.5;.167;MIL
16;16;24/11/2023;;WAS;W;131;128;126.5;123.6;103.5;.359;.337;.615;52.1;58.3;5.8;9.5;;.571;7.8;22.7;.283;;.555;6.8;76.9;.170;MIL
1;1;25/10/2023;;WAS;W;143;120;129.3;108.5;110.6;.112;.402;.637;53.1;67.9;9.0;11.1;;.617;9.7;22.7;.103;;.505;11.4;78.8;.240;IND
2;2;28/10/2023;@;CLE;W;125;113;129.3;116.8;96.7;.173;.388;.593;48.5;75.0;3.1;5.9;;.566;6.2;25.0;.143;;.495;5.2;67.3;.152;IND
3;3;30/10/2023;;CHI;L;105;112;103.5;110.4;101.4;.284;.523;.530;51.6;72.2;6.9;7.1;;.477;14.7;24.4;.239;;.494;11.4;78.3;.299;IND
4;4;01/11/2023;@;BOS;L;104;155;99.5;148.3;104.5;.119;.366;.489;35.2;56.5;5.7;10.0;;.480;7.8;14.8;.069;;.674;9.3;67.6;.284;IND
5;5;03/11/2023;;CLE;W;121;116;117.1;112.3;103.3;.279;.360;.627;53.3;62.2;6.8;8.9;;.610;15.7;18.9;.186;;.571;12.0;86.8;.238;IND
6;6;04/11/2023;;CHO;L;124;125;127.0;128.0;97.6;.172;.484;.620;46.8;68.9;7.2;7.4;;.602;12.3;27.5;.129;;.580;11.7;67.6;.261;IND
7;7;06/11/2023;;SAS;W;152;111;144.6;105.6;105.1;.242;.400;.723;57.6;69.1;6.7;5.9;;.684;11.8;27.3;.232;;.468;9.3;76.9;.245;IND
8;8;08/11/2023;;UTA;W;134;118;127.8;112.5;104.8;.198;.406;.610;49.5;50.0;13.4;10.1;;.579;9.1;31.1;.168;;.526;16.8;66.7;.177;IND
9;9;09/11/2023;;MIL;W;126;124;122.3;120.4;103.0;.217;.522;.625;49.4;61.4;5.8;10.0;;.587;9.8;20.0;.196;;.580;12.5;86.1;.264;IND
10;10;12/11/2023;@;PHI;L;126;137;129.3;140.6;97.5;.211;.433;.641;37.2;66.0;8.2;12.5;;.611;9.2;20.5;.178;;.571;8.8;51.1;.162;IND
11;11;14/11/2023;@;PHI;W;132;126;122.4;116.9;107.8;.355;.398;.614;51.9;66.7;6.5;7.8;;.586;9.3;23.3;.247;;.535;13.6;86.1;.395;IND
12;12;19/11/2023;;ORL;L;116;128;106.3;117.3;109.1;.326;.326;.534;48.8;57.1;9.2;10.4;;.484;12.8;24.4;.253;;.534;12.5;78.4;.402;IND
13;13;21/11/2023;@;ATL;W;157;152;144.8;140.2;108.4;.298;.479;.738;42.6;61.4;6.5;17.2;;.723;10.9;20.6;.223;;.679;12.3;64.7;.242;IND
14;14;22/11/2023;;TOR;L;131;132;125.0;125.9;104.8;.176;.429;.668;40.3;66.0;9.5;9.5;;.648;12.5;13.2;.143;;.594;14.1;66.7;.278;IND
15;15;24/11/2023;;DET;W;136;113;138.9;115.4;97.9;.235;.373;.604;48.2;49.0;7.1;11.1;;.559;6.6;34.1;.216;;.517;12.2;64.1;.222;IND
1;1;25/10/2023;@;BRK;W;114;113;116.9;115.9;97.5;.106;.457;.579;43.2;56.8;10.3;10.5;;.559;9.2;19.6;.096;;.554;15.1;69.0;.238;CLE
2;2;27/10/2023;;OKC;L;105;108;99.6;102.5;105.4;.250;.489;.514;50.5;52.6;9.5;13.1;;.478;11.3;16.3;.185;;.534;15.9;87.0;.172;CLE
3;3;28/10/2023;;IND;L;113;125;116.8;129.3;96.7;.242;.313;.516;51.5;67.4;2.1;10.0;;.495;5.2;32.7;.152;;.566;6.2;75.0;.143;CLE
4;4;31/10/2023;;NYK;L;91;109;95.3;114.1;95.5;.130;.413;.468;48.9;52.8;6.3;11.5;;.446;13.4;28.0;.098;;.517;12.6;72.7;.233;CLE
5;5;01/11/2023;@;NYK;W;95;89;99.0;92.7;96.0;.270;.432;.574;47.9;68.8;7.3;8.1;;.514;17.9;15.0;.257;;.375;11.0;71.4;.217;CLE
6;6;03/11/2023;@;IND;L;116;121;112.3;117.1;103.3;.298;.333;.611;46.7;61.4;9.7;16.4;;.571;12.0;13.2;.238;;.610;15.7;81.1;.186;CLE
7;7;05/11/2023;;GSW;W;115;104;116.3;105.2;98.9;.337;.446;.603;55.1;63.4;8.1;3.8;;.560;15.9;32.5;.265;;.447;10.8;70.7;.213;CLE
8;8;08/11/2023;@;OKC;L;120;128;118.3;126.2;101.4;.446;.349;.604;50.0;61.9;8.9;8.6;;.560;15.3;27.5;.325;;.581;12.4;71.4;.326;CLE
9;9;11/11/2023;@;GSW;W;118;110;114.3;106.5;103.3;.500;.349;.562;45.0;62.2;12.6;5.8;;.494;8.7;21.6;.384;;.483;16.2;69.4;.256;CLE
10;10;13/11/2023;@;SAC;L;120;132;129.2;142.1;92.9;.187;.385;.609;51.3;53.3;3.2;2.4;;.582;10.0;32.6;.154;;.711;9.7;75.8;.169;CLE
11;11;15/11/2023;@;POR;W;109;95;114.1;99.4;95.6;.280;.400;.647;61.0;54.8;5.2;17.0;;.620;16.8;24.1;.213;;.445;10.9;83.3;.154;CLE
12;12;17/11/2023;;DET;W;108;100;114.4;105.9;94.4;.256;.256;.592;43.3;50.0;9.5;10.7;;.567;11.6;17.5;.183;;.478;14.8;64.0;.143;CLE
13;13;19/11/2023;;DEN;W;121;109;130.1;117.2;93.0;.317;.329;.647;58.8;66.7;6.5;9.4;;.616;12.2;31.4;.244;;.561;10.7;80.0;.207;CLE
14;14;21/11/2023;@;PHI;W;122;119;115.5;112.6;95.7;.266;.266;.581;56.0;71.7;8.5;6.6;;.537;12.5;31.8;.223;;.474;11.2;75.0;.292;CLE
15;15;22/11/2023;;MIA;L;96;129;102.3;137.4;93.9;.182;.390;.577;45.3;69.4;5.3;11.3;;.558;18.6;18.4;.130;;.636;9.3;73.0;.193;CLE
16;16;25/11/2023;;LAL;L;115;121;108.8;114.5;105.7;.253;.308;.569;45.7;69.8;12.3;6.3;;.522;12.2;16.7;.220;;.572;15.4;76.9;.200;CLE
1;1;25/10/2023;;OKC;L;104;124;105.8;126.2;98.3;.191;.447;.510;49.4;66.7;10.2;7.0;;.479;10.5;25.5;.149;;.665;14.3;85.3;.183;CHI
2;2;27/10/2023;;TOR;W;104;103;96.3;95.3;97.8;.283;.394;.467;49.5;48.6;9.3;10.4;;.414;12.6;25.0;.222;;.518;18.1;82.2;.190;CHI
3;3;28/10/2023;@;DET;L;102;118;111.6;129.1;91.4;.172;.301;.510;38.4;41.0;10.9;8.6;;.478;7.4;25.5;.140;;.593;13.7;57.1;.186;CHI
4;4;30/10/2023;@;IND;W;112;105;110.4;103.5;101.4;.356;.195;.556;48.4;47.5;7.9;14.3;;.494;11.4;21.7;.299;;.477;14.7;75.6;.239;CHI
5;5;01/11/2023;@;DAL;L;105;114;114.1;123.9;92.0;.124;.371;.559;48.9;45.2;10.9;9.1;;.534;12.2;27.3;.112;;.580;12.2;70.5;.247;CHI
6;6;03/11/2023;;BRK;L;107;109;113.4;115.5;94.3;.157;.315;.562;51.9;48.8;4.2;7.8;;.545;9.5;22.5;.112;;.552;7.5;80.5;.031;CHI
7;7;04/11/2023;@;DEN;L;101;123;106.4;129.6;94.9;.267;.302;.525;43.0;71.8;7.4;6.7;;.494;10.3;18.8;.186;;.617;10.5;73.7;.284;CHI
8;8;06/11/2023;;UTA;W;130;113;134.3;116.7;96.8;.204;.366;.641;40.9;54.2;12.4;7.0;;.613;7.3;22.2;.172;;.570;19.1;60.5;.174;CHI
9;9;08/11/2023;;PHO;L;115;116;108.0;108.9;96.4;.240;.344;.542;41.9;71.4;11.3;16.7;;.510;11.7;18.0;.177;;.528;17.2;69.8;.233;CHI
10;10;12/11/2023;;DET;W;119;108;125.4;113.8;94.9;.275;.330;.583;44.9;50.0;12.6;10.7;;.544;5.6;25.0;.220;;.494;13.9;64.4;.239;CHI
11;11;13/11/2023;@;MIL;L;109;118;112.9;122.3;96.5;.210;.420;.499;47.0;63.2;9.3;16.7;;.450;5.2;31.0;.190;;.556;12.9;69.0;.213;CHI
12;12;15/11/2023;;ORL;L;94;96;99.2;101.3;94.8;.265;.398;.507;53.5;48.5;7.4;7.4;;.452;17.0;29.2;.229;;.439;12.0;76.5;.293;CHI
13;13;17/11/2023;;ORL;L;97;103;101.0;107.3;96.0;.278;.367;.547;42.5;54.3;10.4;6.7;;.506;15.3;12.2;.215;;.551;16.0;74.4;.203;CHI
14;14;18/11/2023;;MIA;W;102;97;111.2;105.8;91.7;.235;.556;.571;56.4;66.7;9.8;14.6;;.543;11.8;25.6;.173;;.506;14.7;87.2;.247;CHI
15;15;20/11/2023;;MIA;L;100;118;111.3;131.3;89.9;.198;.457;.568;45.6;56.8;2.2;14.3;;.525;11.1;17.1;.185;;.601;7.9;76.3;.202;CHI
16;16;22/11/2023;@;OKC;L;102;116;112.6;128.1;90.6;.193;.500;.534;45.8;64.7;7.7;4.3;;.483;9.5;24.4;.193;;.567;11.6;71.1;.413;CHI
17;17;24/11/2023;@;TOR;L;108;121;116.5;130.5;92.7;.232;.329;.598;48.1;47.6;5.4;4.5;;.585;11.7;25.0;.146;;.608;12.9;68.3;.241;CHI
1;1;25/10/2023;@;MIA;L;102;103;108.9;110.0;93.7;.163;.348;.517;53.8;68.3;3.2;18.6;;.505;14.0;34.7;.098;;.446;6.3;70.9;.228;DET
2;2;27/10/2023;@;CHO;W;111;99;104.0;92.8;106.7;.284;.341;.561;56.4;70.0;6.6;10.0;;.511;18.9;28.6;.239;;.415;14.9;78.8;.295;DET
3;3;28/10/2023;;CHI;W;118;102;129.1;111.6;91.4;.233;.326;.622;61.6;64.4;4.4;6.2;;.593;13.7;42.9;.186;;.478;7.4;74.5;.140;DET
4;4;30/10/2023;@;OKC;L;112;124;109.7;121.4;102.1;.264;.308;.551;48.2;79.5;5.9;9.3;;.511;13.6;25.5;.209;;.608;13.6;82.4;.277;DET
5;5;01/11/2023;;POR;L;101;110;97.2;105.8;103.9;.122;.322;.532;46.3;60.0;11.5;6.6;;.506;16.0;14.0;.111;;.512;15.1;82.1;.333;DET
6;6;02/11/2023;@;NOP;L;116;125;118.7;127.9;97.7;.277;.404;.550;57.1;73.2;4.1;10.4;;.505;13.2;39.6;.223;;.575;11.2;80.6;.413;DET
7;7;05/11/2023;;PHO;L;106;120;108.9;123.3;97.4;.161;.264;.569;43.4;58.1;7.2;9.2;;.540;14.7;25.6;.138;;.547;15.4;62.2;.302;DET
8;8;06/11/2023;;GSW;L;109;120;114.4;125.9;95.3;.263;.375;.611;47.0;60.5;8.4;3.6;;.556;13.6;20.6;.250;;.536;9.4;65.3;.165;DET
9;9;08/11/2023;@;MIL;L;118;120;110.0;111.8;107.3;.163;.296;.562;59.6;58.3;1.9;9.4;;.526;13.9;26.2;.153;;.517;8.8;89.4;.300;DET
10;10;10/11/2023;;PHI;L;106;114;108.9;117.1;97.3;.256;.326;.554;51.1;70.0;3.1;9.1;;.512;14.3;23.9;.209;;.476;7.3;77.1;.422;DET
11;11;12/11/2023;@;CHI;L;108;119;113.8;125.4;94.9;.295;.364;.543;55.1;68.4;4.2;9.8;;.494;13.9;35.6;.239;;.544;5.6;75.0;.220;DET
12;12;14/11/2023;;ATL;L;120;126;119.1;125.1;100.7;.256;.322;.599;50.6;76.6;8.9;11.1;;.578;14.5;31.1;.178;;.586;12.5;73.7;.276;DET
13;13;17/11/2023;@;CLE;L;100;108;105.9;114.4;94.4;.165;.385;.512;56.7;51.3;8.5;9.8;;.478;14.8;36.0;.143;;.567;11.6;82.5;.183;DET
14;14;19/11/2023;@;TOR;L;113;142;105.8;132.9;106.8;.422;.313;.574;46.6;64.1;2.8;4.5;;.524;14.7;16.7;.313;;.608;5.7;73.9;.176;DET
15;15;20/11/2023;;DEN;L;103;107;106.4;110.5;96.8;.321;.259;.557;50.0;58.3;7.2;8.5;;.488;16.3;25.6;.296;;.523;12.7;74.4;.184;DET
16;16;24/11/2023;@;IND;L;113;136;115.4;138.9;97.9;.267;.200;.562;51.8;51.2;6.1;17.2;;.517;12.2;35.9;.222;;.559;6.6;65.9;.216;DET
1;1;25/10/2023;;HOU;W;116;86;123.8;91.8;93.7;.299;.391;.589;64.8;45.2;8.5;13.3;;.534;12.5;41.5;.264;;.481;17.3;85.1;.127;ORL
2;2;27/10/2023;@;POR;W;102;97;107.2;102.0;95.1;.405;.354;.548;48.9;61.1;10.5;8.9;;.513;13.1;23.8;.266;;.449;14.1;70.0;.205;ORL
3;3;30/10/2023;@;LAL;L;103;106;104.5;107.6;98.5;.189;.368;.500;52.4;73.7;10.1;5.8;;.474;9.7;24.5;.137;;.582;15.5;91.4;.177;ORL
4;4;31/10/2023;@;LAC;L;102;118;98.8;114.3;103.2;.407;.370;.534;47.6;60.5;8.7;5.2;;.512;14.3;16.7;.235;;.573;13.9;78.6;.180;ORL
5;5;02/11/2023;@;UTA;W;115;113;109.3;107.4;105.2;.424;.341;.570;47.3;69.2;16.2;16.1;;.518;14.4;22.2;.318;;.528;16.6;71.7;.213;ORL
6;6;04/11/2023;;LAL;W;120;101;121.1;101.9;99.1;.188;.327;.549;56.0;63.0;6.1;16.7;;.515;12.1;38.8;.158;;.488;15.4;76.2;.226;ORL
7;7;06/11/2023;;DAL;L;102;117;99.8;114.5;102.2;.212;.318;.549;55.1;67.5;5.9;9.5;;.518;17.7;18.8;.165;;.591;12.9;86.5;.244;ORL
8;8;09/11/2023;;ATL;L;119;120;115.1;116.1;103.4;.389;.300;.565;56.6;45.2;11.6;13.0;;.522;15.3;39.1;.278;;.571;14.8;78.4;.271;ORL
9;9;11/11/2023;;MIL;W;112;97;115.5;100.0;97.0;.417;.310;.563;54.4;66.7;9.3;4.2;;.488;11.6;32.6;.357;;.552;17.8;84.8;.156;ORL
10;10;14/11/2023;@;BRK;L;104;124;110.6;131.8;94.0;.256;.561;.570;45.7;63.9;9.6;8.7;;.537;13.3;22.5;.195;;.653;13.8;68.3;.153;ORL
11;11;15/11/2023;@;CHI;W;96;94;101.3;99.2;94.8;.366;.341;.504;46.5;62.5;12.7;6.0;;.439;12.0;23.5;.293;;.452;17.0;70.8;.229;ORL
12;12;17/11/2023;@;CHI;W;103;97;107.3;101.0;96.0;.291;.430;.578;57.5;63.2;7.3;14.0;;.551;16.0;25.6;.203;;.506;15.3;87.8;.215;ORL
13;13;19/11/2023;@;IND;W;128;116;117.3;106.3;109.1;.483;.230;.607;51.2;48.8;9.2;15.6;;.534;12.5;21.6;.402;;.484;12.8;75.6;.253;ORL
14;14;21/11/2023;;TOR;W;126;107;123.8;105.2;101.7;.200;.310;.579;51.3;62.0;11.8;17.0;;.560;9.9;31.3;.140;;.600;21.4;83.3;.227;ORL
15;15;22/11/2023;;DEN;W;124;119;133.8;128.4;92.7;.370;.358;.658;49.4;61.4;9.7;12.1;;.605;11.3;30.6;.321;;.554;8.9;63.8;.172;ORL
16;16;24/11/2023;;BOS;W;113;96;114.7;97.4;98.5;.259;.329;.597;60.8;53.5;5.1;6.4;;.571;16.0;32.5;.188;;.454;13.2;89.7;.355;ORL
1;1;25/10/2023;;DET;W;103;102;110.0;108.9;93.7;.283;.239;.498;46.2;59.5;11.7;5.0;;.446;6.3;29.1;.228;;.505;14.0;65.3;.098;MIA
2;2;27/10/2023;@;BOS;L;111;119;111.7;119.8;99.3;.258;.371;.560;45.0;63.2;8.1;10.7;;.517;10.8;22.0;.213;;.558;12.7;68.0;.137;MIA
3;3;28/10/2023;@;MIN;L;90;106;93.9;110.6;95.9;.161;.437;.483;47.2;68.6;6.3;1.9;;.471;13.1;18.4;.092;;.581;13.5;82.5;.070;MIA
4;4;30/10/2023;@;MIL;L;114;122;112.4;120.2;101.5;.233;.395;.601;48.2;65.9;6.9;4.0;;.552;12.9;17.1;.221;;.575;12.3;78.6;.253;MIA
5;5;01/11/2023;;BRK;L;105;109;102.7;106.6;102.3;.198;.418;.531;49.5;56.4;9.8;10.9;;.500;13.9;21.6;.154;;.549;16.2;83.3;.232;MIA
6;6;03/11/2023;;WAS;W;121;114;120.6;113.6;100.4;.175;.338;.702;55.2;72.9;9.0;1.9;;.681;18.1;21.2;.150;;.648;18.4;88.2;.111;MIA
7;7;06/11/2023;;LAL;W;108;107;109.5;108.5;98.6;.182;.420;.568;53.7;73.2;11.2;7.3;;.534;15.2;25.0;.159;;.593;16.3;86.8;.136;MIA
8;8;08/11/2023;@;MEM;W;108;102;110.7;104.5;97.6;.416;.364;.593;53.7;62.9;9.2;15.1;;.526;17.3;26.5;.351;;.450;11.3;72.9;.233;MIA
9;9;11/11/2023;@;ATL;W;117;109;117.3;109.3;99.7;.298;.452;.616;44.8;56.1;10.0;9.8;;.560;13.6;17.5;.274;;.540;18.1;68.1;.172;MIA
10;10;12/11/2023;@;SAS;W;118;113;122.9;117.7;96.0;.337;.348;.577;45.1;66.7;7.3;6.4;;.506;3.8;22.0;.315;;.566;15.0;73.2;.110;MIA
11;11;14/11/2023;@;CHO;W;111;105;120.6;114.0;92.1;.337;.373;.582;48.3;65.0;13.0;10.2;;.530;6.8;23.8;.277;;.537;16.6;71.1;.222;MIA
12;12;16/11/2023;;BRK;W;122;115;130.0;122.5;93.9;.296;.432;.666;44.4;61.9;8.5;6.1;;.611;8.9;18.9;.284;;.553;12.6;71.4;.247;MIA
13;13;18/11/2023;@;CHI;L;97;102;105.8;111.2;91.7;.299;.468;.557;43.6;69.7;9.8;0.0;;.506;14.7;12.8;.247;;.543;11.8;74.4;.173;MIA
14;14;20/11/2023;@;CHI;W;118;100;131.3;111.3;89.9;.238;.417;.636;54.4;73.8;7.8;2.3;;.601;7.9;23.7;.202;;.525;11.1;82.9;.185;MIA
15;15;22/11/2023;@;CLE;W;129;96;137.4;102.3;93.9;.239;.398;.663;54.7;65.2;11.7;14.9;;.636;9.3;27.0;.193;;.558;18.6;81.6;.130;MIA
16;16;24/11/2023;@;NYK;L;98;100;101.0;103.1;97.0;.241;.425;.509;47.1;58.8;11.3;0.0;;.448;10.3;20.0;.230;;.543;16.8;83.8;.148;MIA
17;17;25/11/2023;@;BRK;L;97;112;105.2;121.5;92.2;.149;.391;.523;51.2;63.2;6.5;7.1;;.500;15.5;27.7;.115;;.590;11.1;79.5;.256;MIA
1;1;25/10/2023;@;CHO;L;110;116;106.4;112.2;103.4;.355;.312;.512;45.2;61.5;11.6;2.0;;.446;10.0;23.5;.290;;.564;16.3;71.4;.221;ATL
2;2;27/10/2023;;NYK;L;120;126;115.9;121.7;103.5;.345;.368;.599;49.4;66.7;6.8;13.0;;.552;12.3;21.4;.276;;.589;13.5;74.5;.222;ATL
3;3;29/10/2023;@;MIL;W;127;110;123.1;106.6;103.2;.237;.398;.618;54.1;68.1;14.5;4.8;;.586;14.2;32.5;.194;;.547;19.5;73.3;.186;ATL
4;4;30/10/2023;;MIN;W;127;113;132.7;118.1;95.7;.209;.349;.676;48.6;58.3;6.3;12.3;;.640;8.7;12.5;.198;;.578;9.4;76.2;.100;ATL
5;5;01/11/2023;;WAS;W;130;121;118.3;110.1;109.9;.348;.348;.613;62.0;56.5;7.3;4.9;;.549;15.9;32.6;.315;;.554;9.3;87.8;.089;ATL
6;6;04/11/2023;@;NOP;W;123;105;134.3;114.6;91.6;.258;.441;.594;59.8;62.2;4.4;11.3;;.559;9.6;42.2;.204;;.524;8.8;78.6;.202;ATL
7;7;06/11/2023;@;OKC;L;117;126;113.6;122.3;103.0;.314;.412;.504;54.6;71.1;7.8;5.1;;.441;11.4;39.7;.265;;.553;11.1;75.6;.234;ATL
8;8;09/11/2023;@;ORL;W;120;119;116.1;115.1;103.4;.353;.459;.611;43.4;53.7;12.6;11.1;;.571;14.8;21.6;.271;;.522;15.3;60.9;.278;ATL
9;9;11/11/2023;;MIA;L;109;117;109.3;117.3;99.7;.207;.529;.574;55.2;60.5;6.0;13.0;;.540;18.1;31.9;.172;;.560;13.6;82.5;.274;ATL
10;10;14/11/2023;@;DET;W;126;120;125.1;119.1;100.7;.299;.379;.640;49.4;62.2;8.9;11.5;;.586;12.5;26.3;.276;;.578;14.5;68.9;.178;ATL
11;11;15/11/2023;;NYK;L;114;116;120.6;122.7;94.5;.347;.413;.659;41.7;68.3;11.6;10.0;;.627;14.8;17.6;.267;;.564;13.9;63.2;.106;ATL
12;12;17/11/2023;;PHI;L;116;126;118.9;129.2;97.5;.337;.371;.568;47.6;60.0;8.2;6.9;;.517;11.3;31.8;.270;;.563;13.0;65.8;.307;ATL
13;13;21/11/2023;;IND;L;152;157;140.2;144.8;108.4;.295;.326;.708;57.4;49.1;7.4;8.2;;.679;12.3;35.3;.242;;.723;10.9;79.4;.223;ATL
14;14;22/11/2023;;BRK;W;147;145;127.4;125.7;104.5;.250;.422;.571;49.6;47.1;8.7;10.3;;.517;9.8;37.3;.233;;.553;11.5;62.1;.177;ATL
15;15;25/11/2023;@;WAS;W;136;108;133.3;105.9;102.0;.196;.363;.614;54.4;55.8;12.7;4.0;;.598;7.5;34.0;.137;;.545;17.7;80.0;.136;ATL
1;1;25/10/2023;;ATL;W;116;110;112.2;106.4;103.4;.302;.430;.595;54.8;79.1;4.8;4.7;;.564;16.3;28.6;.221;;.446;10.0;76.5;.290;CHO
2;2;27/10/2023;;DET;L;99;111;92.8;104.0;106.7;.386;.318;.481;43.6;60.6;12.2;12.1;;.415;14.9;21.2;.295;;.511;18.9;71.4;.239;CHO
3;3;30/10/2023;;BRK;L;121;133;117.3;128.9;103.2;.208;.323;.577;45.9;70.2;7.8;9.3;;.531;7.9;18.2;.198;;.632;11.4;75.6;.264;CHO
4;4;01/11/2023;@;HOU;L;119;128;117.7;126.6;101.1;.278;.300;.589;53.7;46.7;8.9;17.0;;.561;13.7;32.6;.200;;.649;15.3;80.6;.226;CHO
5;5;04/11/2023;@;IND;W;125;124;128.0;127.0;97.6;.261;.227;.637;53.2;48.9;5.1;20.8;;.580;11.7;32.4;.261;;.602;12.3;72.5;.129;CHO
6;6;05/11/2023;@;DAL;L;118;124;114.0;119.8;103.5;.212;.303;.545;47.8;61.2;4.8;4.1;;.535;6.9;20.8;.121;;.549;8.7;78.6;.264;CHO
7;7;08/11/2023;;WAS;L;116;132;113.7;129.4;102.0;.443;.316;.614;54.0;41.5;7.8;9.3;;.570;17.5;28.9;.329;;.577;8.5;73.5;.206;CHO
8;8;10/11/2023;@;WAS;W;124;117;122.6;115.6;101.2;.255;.255;.507;65.0;62.0;9.9;8.0;;.482;6.9;49.1;.164;;.568;13.4;84.8;.193;CHO
9;9;12/11/2023;@;NYK;L;107;129;114.6;138.1;93.4;.117;.372;.541;47.4;47.7;5.4;7.8;;.532;10.8;33.3;.074;;.626;8.2;67.7;.230;CHO
10;10;14/11/2023;;MIA;L;105;111;114.0;120.6;92.1;.272;.395;.579;51.7;58.3;6.5;0.0;;.537;16.6;28.9;.222;;.530;6.8;76.2;.277;CHO
11;11;17/11/2023;;MIL;L;99;130;96.6;126.9;102.4;.242;.286;.492;46.7;48.6;4.9;4.5;;.440;10.6;16.7;.209;;.674;12.1;89.5;.112;CHO
12;12;18/11/2023;;NYK;L;108;122;112.4;127.0;96.1;.159;.427;.616;43.4;72.5;5.2;9.3;;.591;12.9;10.5;.134;;.593;10.8;71.1;.154;CHO
13;13;20/11/2023;;BOS;W;121;118;113.7;110.9;96.3;.163;.375;.543;54.3;63.0;8.5;14.9;;.505;10.4;31.5;.154;;.515;10.6;78.4;.186;CHO
14;14;22/11/2023;;WAS;W;117;114;116.5;113.5;100.4;.231;.407;.584;51.0;62.8;6.0;6.2;;.560;10.7;23.4;.165;;.510;8.7;77.6;.155;CHO
1;1;25/10/2023;@;IND;L;120;143;108.5;129.3;110.6;.302;.250;.552;46.9;63.6;5.4;14.1;;.505;11.4;21.2;.240;;.617;9.7;77.3;.103;WAS
2;2;28/10/2023;;MEM;W;113;106;111.6;104.7;101.3;.237;.495;.550;50.0;60.0;8.9;11.4;;.516;9.7;22.0;.183;;.533;14.4;85.0;.099;WAS
3;3;30/10/2023;;BOS;L;107;126;105.1;123.8;101.8;.299;.414;.543;44.0;66.7;11.8;8.2;;.511;13.2;23.4;.207;;.593;13.9;65.9;.049;WAS
4;4;01/11/2023;@;ATL;L;121;130;110.1;118.3;109.9;.139;.396;.565;38.0;62.7;12.7;5.0;;.554;9.3;12.2;.089;;.549;15.9;67.4;.315;WAS
5;5;03/11/2023;@;MIA;L;114;121;113.6;120.6;100.4;.210;.346;.644;44.8;71.7;7.0;7.5;;.648;18.4;11.8;.111;;.681;18.1;78.8;.150;WAS
6;6;06/11/2023;@;PHI;L;128;146;115.9;132.1;110.5;.208;.354;.611;45.8;63.3;5.4;16.7;;.583;15.3;22.2;.167;;.626;12.3;73.7;.352;WAS
7;7;08/11/2023;@;CHO;W;132;116;129.4;113.7;102.0;.258;.443;.611;46.0;55.3;9.8;11.1;;.577;8.5;26.5;.206;;.570;17.5;71.1;.329;WAS
8;8;10/11/2023;;CHO;L;117;124;115.6;122.6;101.2;.227;.432;.604;35.0;65.1;4.0;7.3;;.568;13.4;15.2;.193;;.482;6.9;50.9;.164;WAS
9;9;12/11/2023;@;BRK;L;94;102;92.8;100.7;101.2;.284;.466;.475;38.9;60.6;13.8;6.1;;.432;10.8;13.2;.205;;.439;14.4;63.6;.163;WAS
10;10;13/11/2023;@;TOR;L;107;111;106.3;110.3;100.6;.143;.310;.599;44.2;74.4;10.9;7.1;;.583;19.8;20.0;.107;;.522;13.7;65.2;.189;WAS
11;11;15/11/2023;;DAL;L;117;130;113.6;126.2;103.0;.258;.404;.590;50.0;53.5;5.8;2.0;;.551;10.8;17.8;.213;;.614;8.7;80.9;.185;WAS
12;12;17/11/2023;;NYK;L;99;120;106.7;129.4;92.8;.195;.390;.556;40.0;67.6;4.3;7.5;;.512;13.6;17.1;.183;;.582;9.1;64.1;.154;WAS
13;13;20/11/2023;;MIL;L;129;142;127.6;140.5;101.1;.111;.293;.621;32.1;52.7;5.9;6.2;;.606;3.7;11.4;.091;;.644;10.9;56.8;.223;WAS
14;14;22/11/2023;@;CHO;L;114;117;113.5;116.5;100.4;.186;.330;.543;49.0;59.1;7.0;5.6;;.510;8.7;22.4;.155;;.560;10.7;76.6;.165;WAS
15;15;24/11/2023;@;MIL;L;128;131;123.6;126.5;103.5;.210;.370;.586;47.9;60.4;2.9;6.6;;.555;6.8;23.1;.170;;.571;7.8;77.3;.283;WAS
16;16;25/11/2023;;ATL;L;108;136;105.9;133.3;102.0;.136;.432;.579;45.6;76.7;4.9;9.2;;.545;17.7;20.0;.136;;.598;7.5;66.0;.137;WAS
1;1;25/10/2023;@;TOR;L;94;97;92.1;95.1;102.0;.220;.310;.429;56.9;58.8;7.8;16.4;;.380;11.3;29.1;.180;;.478;12.6;85.2;.122;MIN
2;2;28/10/2023;;MIA;W;106;90;110.6;93.9;95.9;.093;.395;.592;52.8;68.2;9.4;6.1;;.581;13.5;17.5;.070;;.471;13.1;81.6;.092;MIN
3;3;30/10/2023;@;ATL;L;113;127;118.1;132.7;95.7;.167;.367;.585;51.4;54.5;5.2;8.9;;.578;9.4;23.8;.100;;.640;8.7;87.5;.198;MIN
4;4;01/11/2023;;DEN;W;110;89;111.5;90.2;98.7;.325;.253;.580;52.2;52.6;9.1;7.9;;.506;12.1;20.5;.313;;.427;13.0;76.5;.073;MIN
5;5;04/11/2023;;UTA;W;123;95;130.8;101.0;94.0;.383;.296;.650;52.4;55.6;10.6;22.9;;.611;9.6;29.0;.296;;.451;15.5;66.7;.143;MIN
6;6;06/11/2023;;BOS;W;114;109;103.7;99.2;99.5;.294;.435;.594;50.0;59.1;6.4;9.4;;.594;19.3;15.0;.153;;.451;13.0;78.0;.283;MIN
7;7;08/11/2023;;NOP;W;122;101;119.2;98.7;102.3;.293;.451;.659;54.5;66.7;8.8;10.8;;.640;14.7;21.6;.207;;.430;14.2;78.4;.226;MIN
8;8;10/11/2023;@;SAS;W;117;110;112.9;106.1;103.7;.310;.310;.592;57.3;53.5;5.8;6.9;;.552;15.4;29.5;.241;;.533;12.2;84.4;.130;MIN
9;9;12/11/2023;@;GSW;W;116;110;116.6;110.6;99.5;.366;.329;.609;48.0;62.8;8.0;11.3;;.579;12.8;22.0;.256;;.448;11.4;66.7;.250;MIN
10;10;14/11/2023;@;GSW;W;104;101;106.1;103.0;98.0;.259;.420;.576;47.7;66.7;9.2;10.2;;.531;17.4;21.4;.222;;.494;16.7;71.7;.159;MIN
11;11;15/11/2023;@;PHO;L;115;133;125.7;145.3;91.5;.304;.293;.551;55.6;42.9;8.7;9.3;;.484;5.4;37.2;.283;;.700;8.9;82.8;.165;MIN
12;12;18/11/2023;@;NOP;W;121;120;123.1;122.1;98.3;.338;.388;.658;45.2;67.4;6.1;12.3;;.619;13.2;15.6;.275;;.581;15.0;68.3;.233;MIN
13;13;20/11/2023;;NYK;W;117;100;120.7;103.2;96.9;.400;.425;.622;46.8;73.2;7.2;13.0;;.581;12.1;17.5;.300;;.397;8.5;68.5;.293;MIN
14;14;22/11/2023;;PHI;W;112;99;114.8;101.5;97.5;.270;.292;.562;50.0;65.1;10.3;14.5;;.539;10.8;23.8;.180;;.431;12.3;70.4;.276;MIN
15;15;24/11/2023;;SAC;L;111;124;110.2;123.2;100.7;.354;.402;.586;48.9;69.4;6.0;13.8;;.512;16.0;23.8;.329;;.575;11.0;70.8;.090;MIN
1;1;25/10/2023;@;CHI;W;124;104;126.2;105.8;98.3;.220;.476;.690;50.6;66.7;6.1;7.7;;.665;14.3;14.7;.183;;.479;10.5;74.5;.149;OKC
2;2;27/10/2023;@;CLE;W;108;105;102.5;99.6;105.4;.218;.299;.566;49.5;55.0;7.6;21.3;;.534;15.9;13.0;.172;;.478;11.3;83.7;.185;OKC
3;3;29/10/2023;;DEN;L;95;128;99.0;133.4;95.9;.200;.356;.485;37.7;59.5;8.3;6.6;;.444;8.4;15.6;.167;;.665;12.2;68.8;.125;OKC
4;4;30/10/2023;;DET;W;124;112;121.4;109.7;102.1;.337;.349;.650;51.8;47.7;8.8;15.9;;.608;13.6;17.6;.277;;.511;13.6;74.5;.209;OKC
5;5;01/11/2023;;NOP;L;106;110;103.2;107.1;102.8;.284;.386;.535;45.8;60.5;5.8;8.3;;.472;12.4;14.3;.261;;.456;8.0;66.2;.167;OKC
6;6;03/11/2023;;GSW;L;139;141;132.7;134.6;104.8;.361;.349;.722;45.7;52.0;2.9;1.9;;.693;16.5;21.9;.289;;.630;12.5;65.8;.272;OKC
7;7;06/11/2023;;ATL;W;126;117;122.3;113.6;103.0;.245;.372;.605;45.4;60.0;6.8;11.7;;.553;11.1;24.4;.234;;.441;11.4;60.3;.265;OKC
8;8;08/11/2023;;CLE;W;128;120;126.2;118.3;101.4;.349;.326;.645;50.0;52.3;9.9;14.8;;.581;12.4;28.6;.326;;.560;15.3;72.5;.325;OKC
9;9;10/11/2023;@;SAC;L;98;105;97.5;104.5;100.5;.184;.345;.521;42.2;56.4;9.0;11.4;;.489;14.5;12.2;.149;;.489;14.5;67.3;.176;OKC
10;10;12/11/2023;@;PHO;W;111;99;120.3;107.3;92.3;.305;.329;.597;39.3;57.5;9.8;14.8;;.549;7.0;14.6;.256;;.440;15.0;62.8;.313;OKC
11;11;14/11/2023;;SAS;W;123;87;116.6;82.5;105.5;.225;.438;.629;48.2;73.9;18.0;9.5;;.601;13.3;11.8;.180;;.435;19.8;73.5;.065;OKC
12;12;16/11/2023;@;GSW;W;128;109;129.1;109.9;99.1;.264;.368;.659;46.2;70.5;10.1;5.3;;.615;11.0;19.4;.241;;.480;13.1;63.6;.153;OKC
13;13;18/11/2023;@;GSW;W;130;123;121.7;115.2;96.7;.200;.230;.597;49.0;50.0;7.5;13.7;;.560;8.4;20.5;.180;;.546;13.1;73.1;.175;OKC
14;14;19/11/2023;@;POR;W;134;91;143.8;97.7;93.2;.173;.444;.769;58.1;57.1;8.6;5.9;;.741;16.3;35.7;.173;;.453;15.3;71.7;.165;OKC
15;15;22/11/2023;;CHI;W;116;102;128.1;112.6;90.6;.507;.387;.632;54.2;64.9;4.4;27.3;;.567;11.6;28.9;.413;;.483;9.5;75.6;.193;OKC
16;16;25/11/2023;;PHI;L;123;127;130.2;134.5;94.5;.265;.439;.562;43.7;67.4;3.2;7.1;;.520;3.5;28.9;.214;;.542;10.5;59.5;.446;OKC
1;1;24/10/2023;;LAL;W;119;107;124.8;112.3;95.3;.132;.374;.618;48.8;60.4;9.4;9.8;;.604;10.3;22.5;.099;;.511;10.0;71.7;.167;DEN
2;2;27/10/2023;@;MEM;W;108;104;105.2;101.3;102.6;.205;.420;.563;45.5;65.9;10.7;19.2;;.545;15.1;14.6;.136;;.494;17.3;72.3;.235;DEN
3;3;29/10/2023;@;OKC;W;128;95;133.4;99.0;95.9;.148;.307;.683;62.3;64.2;8.3;8.6;;.665;12.2;31.3;.125;;.444;8.4;84.4;.167;DEN
4;4;30/10/2023;;UTA;W;110;102;114.1;105.8;96.4;.202;.333;.601;45.7;68.1;4.1;13.1;;.613;11.6;17.1;.083;;.485;10.3;67.9;.071;DEN
5;5;01/11/2023;@;MIN;L;89;110;90.2;111.5;98.7;.104;.344;.443;47.8;60.5;6.1;16.1;;.427;13.0;23.5;.073;;.506;12.1;79.5;.313;DEN
6;6;03/11/2023;;DAL;W;125;114;129.4;118.1;96.6;.204;.323;.617;60.0;67.3;11.4;13.6;;.597;14.4;44.2;.151;;.576;13.8;76.2;.174;DEN
7;7;04/11/2023;;CHI;W;123;101;129.6;106.4;94.9;.370;.444;.653;57.0;73.8;10.5;6.7;;.617;10.5;26.3;.284;;.494;10.3;81.3;.186;DEN
8;8;06/11/2023;;NOP;W;134;116;133.7;115.8;100.2;.242;.411;.637;54.2;72.5;6.0;8.3;;.616;7.9;26.8;.179;;.572;11.9;81.0;.144;DEN
9;9;08/11/2023;;GSW;W;108;105;114.7;111.5;94.1;.239;.380;.531;47.9;58.5;7.4;7.8;;.505;5.6;20.8;.163;;.494;8.5;76.1;.233;DEN
10;10;12/11/2023;@;HOU;L;104;107;110.6;113.8;94.1;.154;.352;.535;52.1;57.1;3.2;9.1;;.511;10.2;26.7;.121;;.483;8.3;75.5;.264;DEN
11;11;14/11/2023;;LAC;W;111;108;121.8;118.5;91.1;.438;.315;.637;46.2;66.7;4.4;3.5;;.589;13.9;17.6;.342;;.506;9.4;68.2;.244;DEN
12;12;17/11/2023;@;NOP;L;110;115;108.6;113.5;101.3;.125;.417;.543;56.7;78.7;3.9;4.6;;.542;11.4;23.9;.063;;.591;8.5;90.9;.125;DEN
13;13;19/11/2023;@;CLE;L;109;121;117.2;130.1;93.0;.280;.354;.592;41.3;59.0;7.5;9.1;;.561;10.7;20.0;.207;;.616;12.2;68.6;.244;DEN
14;14;20/11/2023;@;DET;W;107;103;110.5;106.4;96.8;.241;.322;.556;50.0;75.0;7.2;13.3;;.523;12.7;25.6;.184;;.488;16.3;74.4;.296;DEN
15;15;22/11/2023;@;ORL;L;119;124;128.4;133.8;92.7;.226;.376;.582;50.6;65.9;6.5;3.8;;.554;8.9;36.2;.172;;.605;11.3;69.4;.321;DEN
16;16;24/11/2023;@;HOU;L;86;105;88.7;108.3;97.0;.223;.319;.417;48.4;53.1;8.3;7.5;;.378;12.7;27.1;.160;;.561;13.6;83.3;.159;DEN
1;1;25/10/2023;;SAC;L;114;130;112.2;128.0;101.6;.341;.308;.545;54.5;53.7;5.9;3.9;;.500;11.8;34.8;.253;;.554;9.0;71.7;.167;UTA
2;2;27/10/2023;;LAC;W;120;118;124.2;122.1;96.7;.229;.427;.568;55.6;64.3;7.2;9.5;;.521;11.7;36.2;.208;;.623;13.6;82.4;.286;UTA
3;3;28/10/2023;@;PHO;L;104;126;106.0;128.4;98.1;.154;.407;.535;53.6;65.0;6.1;10.4;;.505;15.6;31.9;.132;;.588;10.2;81.1;.306;UTA
4;4;30/10/2023;@;DEN;L;102;110;105.8;114.1;96.4;.153;.378;.488;54.3;71.4;6.2;3.6;;.485;10.3;32.1;.071;;.613;11.6;82.9;.083;UTA
5;5;01/11/2023;;MEM;W;133;109;124.8;102.2;106.6;.276;.494;.682;54.3;74.5;6.6;7.1;;.667;17.7;26.3;.195;;.438;12.0;74.1;.260;UTA
6;6;02/11/2023;;ORL;L;113;115;107.4;109.3;105.2;.292;.371;.563;52.7;65.9;8.6;12.5;;.528;16.6;28.3;.213;;.518;14.4;77.8;.318;UTA
7;7;04/11/2023;@;MIN;L;95;123;101.0;130.8;94.0;.187;.473;.482;47.6;57.1;3.2;12.3;;.451;15.5;33.3;.143;;.611;9.6;71.0;.296;UTA
8;8;06/11/2023;@;CHI;L;113;130;116.7;134.3;96.8;.198;.500;.604;59.1;78.0;1.0;11.9;;.570;19.1;39.5;.174;;.613;7.3;77.8;.172;UTA
9;9;08/11/2023;@;IND;L;118;134;112.5;127.8;104.8;.188;.281;.568;50.5;57.8;2.9;8.3;;.526;16.8;33.3;.177;;.579;9.1;68.9;.168;UTA
10;10;10/11/2023;@;MEM;W;127;121;130.0;123.8;97.7;.382;.487;.715;50.7;68.3;10.2;22.6;;.658;17.6;25.8;.355;;.550;9.3;68.2;.099;UTA
11;11;14/11/2023;;POR;W;115;99;119.5;102.8;96.3;.158;.453;.566;54.7;59.1;11.4;11.3;;.532;10.6;34.8;.147;;.483;14.9;73.5;.159;UTA
12;12;17/11/2023;;PHO;L;128;131;133.1;136.2;96.2;.365;.424;.649;52.0;62.8;3.1;18.9;;.600;7.5;24.4;.306;;.628;7.6;85.3;.267;UTA
13;13;19/11/2023;;PHO;L;137;140;119.8;122.4;94.6;.278;.400;.531;57.3;56.3;9.6;8.8;;.483;12.2;45.0;.226;;.578;13.0;74.4;.216;UTA
14;14;21/11/2023;@;LAL;L;99;131;97.1;128.5;102.0;.163;.449;.471;44.7;65.8;5.9;5.3;;.444;11.8;23.2;.122;;.634;11.7;76.3;.256;UTA
15;15;22/11/2023;@;POR;L;105;121;111.1;128.0;94.5;.329;.392;.580;54.3;67.6;7.4;5.7;;.532;18.8;37.8;.266;;.603;11.6;68.2;.109;UTA
16;16;25/11/2023;;NOP;W;105;100;106.0;100.9;99.1;.195;.494;.556;55.3;60.5;8.1;10.5;;.523;19.6;32.6;.161;;.478;11.4;74.5;.118;UTA
1;1;25/10/2023;@;LAC;L;111;123;112.9;125.1;98.3;.183;.344;.552;47.1;45.5;10.2;7.1;;.527;14.5;32.6;.140;;.611;14.9;64.1;.144;POR
2;2;27/10/2023;;ORL;L;97;102;102.0;107.2;95.1;.239;.364;.499;51.1;42.9;6.3;2.0;;.449;14.1;30.0;.205;;.513;13.1;76.2;.266;POR
3;3;29/10/2023;@;PHI;L;98;126;97.0;124.7;101.0;.234;.330;.473;45.2;52.8;9.9;16.7;;.420;12.6;25.9;.202;;.555;13.1;71.8;.427;POR
4;4;30/10/2023;@;TOR;W;99;91;106.6;98.0;92.8;.176;.412;.540;52.0;52.6;6.5;10.8;;.512;13.3;28.3;.141;;.426;9.9;73.1;.117;POR
5;5;01/11/2023;@;DET;W;110;101;105.8;97.2;103.9;.407;.247;.576;53.7;60.5;9.6;11.5;;.512;15.1;17.9;.333;;.506;16.0;86.0;.111;POR
6;6;03/11/2023;;MEM;W;115;113;105.7;103.9;98.5;.375;.333;.514;51.0;48.7;11.0;11.5;;.453;11.1;26.8;.292;;.542;14.3;83.3;.094;POR
7;7;05/11/2023;;MEM;L;100;112;102.2;114.5;97.8;.158;.474;.492;49.0;62.2;11.2;8.8;;.463;12.1;29.1;.126;;.579;14.5;75.6;.101;POR
8;8;08/11/2023;@;SAC;L;118;121;108.9;111.7;98.1;.333;.253;.591;41.9;59.1;9.2;9.6;;.552;15.3;16.7;.253;;.522;16.6;65.9;.315;POR
9;9;12/11/2023;@;LAL;L;110;116;108.8;114.8;101.1;.100;.411;.585;48.1;64.4;2.0;12.3;;.572;13.8;12.8;.078;;.512;8.2;82.5;.357;POR
10;10;14/11/2023;@;UTA;L;99;115;102.8;119.5;96.3;.227;.398;.511;45.3;62.2;5.2;11.5;;.483;14.9;26.5;.159;;.532;10.6;65.2;.147;POR
11;11;15/11/2023;;CLE;L;95;109;99.4;114.1;95.6;.176;.418;.484;39.0;70.6;9.4;6.7;;.445;10.9;16.7;.154;;.620;16.8;75.9;.213;POR
12;12;17/11/2023;;LAL;L;95;107;100.4;113.1;94.6;.202;.416;.490;52.2;47.2;11.6;3.8;;.461;15.7;36.5;.146;;.568;16.6;72.5;.185;POR
13;13;19/11/2023;;OKC;L;91;134;97.7;143.8;93.2;.247;.400;.483;41.9;61.8;10.7;4.4;;.453;15.3;28.3;.165;;.741;16.3;64.3;.173;POR
14;14;21/11/2023;@;PHO;L;107;120;119.8;134.3;89.3;.230;.356;.558;44.1;52.6;9.0;5.1;;.517;11.9;30.8;.195;;.612;12.8;62.1;.355;POR
15;15;22/11/2023;;UTA;W;121;105;128.0;111.1;94.5;.163;.424;.614;45.7;66.0;9.5;12.5;;.603;11.6;31.8;.109;;.532;18.8;62.2;.266;POR
1;1;24/10/2023;@;GSW;W;108;104;106.2;102.3;101.7;.179;.347;.527;55.0;54.8;4.9;12.1;;.500;15.6;35.4;.137;;.406;8.8;70.5;.218;POR
2;2;26/10/2023;@;LAL;L;95;100;94.2;99.2;100.8;.284;.383;.521;53.8;47.1;6.9;5.5;;.475;18.0;22.7;.222;;.458;14.2;83.0;.274;PHO
3;3;28/10/2023;;UTA;W;126;104;128.4;106.0;98.1;.329;.435;.647;46.4;68.9;10.2;13.0;;.588;10.2;18.9;.306;;.505;15.6;68.1;.132;PHO
4;4;31/10/2023;;SAS;L;114;115;112.2;113.2;101.6;.181;.470;.636;53.8;69.0;7.9;12.7;;.614;17.5;17.1;.145;;.543;10.6;82.2;.163;PHO
5;5;02/11/2023;;SAS;L;121;132;122.0;133.1;99.2;.325;.400;.662;45.3;60.5;5.0;6.6;;.638;13.3;13.5;.238;;.612;7.2;76.3;.122;PHO
6;6;04/11/2023;@;PHI;L;100;112;105.0;117.6;95.3;.371;.393;.483;45.2;68.8;11.5;20.0;;.410;8.8;29.4;.303;;.539;14.8;64.3;.167;PHO
7;7;05/11/2023;@;DET;W;120;106;123.3;108.9;97.4;.337;.244;.608;56.6;67.4;8.2;15.6;;.547;15.4;37.8;.302;;.540;14.7;74.4;.138;PHO
8;8;08/11/2023;@;CHI;W;116;115;108.9;108.0;96.4;.278;.533;.574;58.1;84.2;6.6;15.9;;.528;17.2;30.2;.233;;.510;11.7;82.0;.177;PHO
9;9;10/11/2023;;LAL;L;119;122;119.8;122.8;99.3;.287;.394;.562;54.7;52.4;9.1;1.8;;.527;10.9;33.3;.213;;.571;10.0;79.5;.310;PHO
10;10;12/11/2023;;OKC;L;99;111;107.3;120.3;92.3;.373;.349;.512;60.7;62.5;4.3;12.7;;.440;15.0;37.2;.313;;.549;7.0;85.4;.256;PHO
11;11;15/11/2023;;MIN;W;133;115;145.3;125.7;91.5;.176;.365;.726;44.4;60.8;1.1;6.2;;.700;8.9;17.2;.165;;.484;5.4;62.8;.283;PHO
12;12;17/11/2023;@;UTA;W;131;128;136.2;133.1;96.2;.302;.384;.672;48.0;77.8;5.2;8.2;;.628;7.6;14.7;.267;;.600;7.5;75.6;.306;PHO
13;13;19/11/2023;@;UTA;W;140;137;122.4;119.8;94.6;.255;.441;.617;42.7;72.0;9.6;18.8;;.578;13.0;25.6;.216;;.483;12.2;55.0;.226;PHO
14;14;21/11/2023;;POR;W;120;107;134.3;119.8;89.3;.368;.224;.679;55.9;60.5;9.0;14.3;;.612;12.8;37.9;.355;;.517;11.9;69.2;.195;PHO
15;15;22/11/2023;;GSW;W;123;115;120.6;112.7;102.0;.684;.368;.622;50.0;64.7;8.8;13.8;;.520;13.2;25.6;.579;;.533;12.7;74.4;.211;PHO
16;16;24/11/2023;@;MEM;W;110;89;121.1;98.0;90.8;.368;.408;.623;53.9;56.4;11.0;12.8;;.586;12.0;19.4;.276;;.519;13.3;85.0;.075;PHO
17;17;26/11/2023;@;NYK;W;116;113;13;.6;127.2;88.8;.231;.418;.579;55.3;64.3;4.5;19.3;.549;9.9;41.9;.176;;.523;5.7;69.0;.267;PHO
1;1;25/10/2023;;POR;W;123;111;125.1;112.9;98.3;.178;.378;.634;52.9;76.6;11.2;11.5;;.611;14.9;35.9;.144;;.527;14.5;67.4;.140;LAC
2;2;27/10/2023;@;UTA;L;118;120;122.1;124.2;96.7;.364;.455;.661;44.4;41.5;8.3;10.9;;.623;13.6;17.6;.286;;.521;11.7;63.8;.208;LAC
3;3;29/10/2023;;SAS;W;123;83;117.7;79.4;104.5;.231;.462;.614;56.5;48.9;14.3;10.6;;.604;13.8;22.5;.143;;.444;22.3;86.7;.150;LAC
4;4;31/10/2023;;ORL;W;118;102;114.3;98.8;103.2;.258;.348;.595;52.4;65.9;9.7;7.8;;.573;13.9;21.4;.180;;.512;14.3;83.3;.235;LAC
5;5;01/11/2023;@;LAL;L;125;130;114.2;118.7;99.2;.273;.343;.564;47.4;46.8;11.0;1.7;;.545;10.5;22.2;.172;;.572;11.7;79.1;.300;LAC
6;6;06/11/2023;@;NYK;L;97;111;104.0;119.0;93.3;.219;.438;.606;39.2;58.3;8.6;5.3;;.568;21.6;18.9;.192;;.534;16.5;57.1;.193;LAC
7;7;08/11/2023;@;BRK;L;93;100;96.3;103.6;96.5;.143;.396;.481;51.0;61.1;10.4;15.7;;.440;13.4;23.9;.143;;.484;12.5;74.1;.120;LAC
8;8;10/11/2023;@;DAL;L;126;144;129.3;147.7;97.5;.409;.307;.607;53.4;48.8;7.2;3.6;;.534;11.9;42.2;.364;;.617;6.8;65.1;.235;LAC
9;9;12/11/2023;;MEM;L;101;105;102.4;106.4;98.7;.271;.400;.531;50.0;70.3;9.1;6.4;;.506;12.8;21.1;.176;;.494;14.0;75.0;.205;LAC
10;10;14/11/2023;@;DEN;L;108;111;118.5;121.8;91.1;.279;.337;.559;53.8;56.8;11.0;2.0;;.506;9.4;31.8;.244;;.589;13.9;82.4;.342;LAC
11;11;17/11/2023;;HOU;W;106;100;107.6;101.5;98.5;.361;.410;.551;50.0;61.1;10.1;12.3;;.512;11.1;18.6;.253;;.489;14.2;76.5;.159;LAC
12;12;20/11/2023;@;SAS;W;124;99;124.7;99.6;99.4;.263;.379;.585;51.0;66.7;15.1;5.8;;.537;6.2;21.7;.232;;.489;14.3;75.9;.122;LAC
13;13;22/11/2023;@;SAS;W;109;102;108.2;101.2;100.8;.341;.329;.557;53.2;74.4;9.9;5.7;;.512;14.1;24.4;.259;;.445;11.4;79.6;.231;LAC
14;14;24/11/2023;;NOP;L;106;116;105.5;115.5;100.4;.185;.402;.533;43.8;64.3;11.0;12.5;;.516;10.0;17.4;.120;;.545;13.1;72.1;.227;LAC
15;15;25/11/2023;;DAL;W;107;88;115.6;95.1;92.6;.352;.330;.526;60.6;65.8;2.2;11.3;;.477;10.6;38.6;.261;;.423;8.5;80.0;.121;LAC
1;1;24/10/2023;@;DEN;L;107;119;112.3;124.8;95.3;.222;.322;.541;51.2;56.1;5.2;7.0;;.511;10.0;28.3;.167;;.604;10.3;77.5;.099;LAL
2;2;26/10/2023;;PHO;W;100;95;99.2;94.2;100.8;.345;.345;.517;46.2;66.7;13.9;14.0;;.458;14.2;17.0;.274;;.475;18.0;77.3;.222;LAL
3;3;29/10/2023;@;SAC;L;127;132;110.1;114.5;104.5;.347;.459;.562;53.0;62.8;3.5;7.1;;.515;9.6;16.3;.265;;.553;8.0;88.2;.163;LAL
4;4;30/10/2023;;ORL;W;106;103;107.6;104.5;98.5;.228;.342;.610;47.6;66.7;7.1;16.7;;.582;15.5;8.6;.177;;.474;9.7;75.5;.137;LAL
5;5;01/11/2023;;LAC;W;130;125;118.7;114.2;99.2;.400;.356;.614;52.6;60.9;9.1;13.8;;.572;11.7;20.9;.300;;.545;10.5;77.8;.172;LAL
6;6;04/11/2023;@;ORL;L;101;120;101.9;121.1;99.1;.250;.357;.542;44.0;45.9;6.1;14.7;;.488;15.4;23.8;.226;;.515;12.1;61.2;.158;LAL
7;7;06/11/2023;@;MIA;L;107;108;108.5;109.5;98.6;.173;.321;.614;46.3;63.6;6.1;9.8;;.593;16.3;13.2;.136;;.534;15.2;75.0;.159;LAL
8;8;08/11/2023;@;HOU;L;94;128;96.8;131.8;97.1;.286;.298;.497;37.4;55.6;7.2;10.0;;.470;8.7;10.4;.179;;.624;9.8;67.4;.129;LAL
9;9;10/11/2023;@;PHO;W;122;119;122.8;119.8;99.3;.405;.321;.616;45.3;64.3;9.1;12.3;;.571;10.0;20.5;.310;;.527;10.9;66.7;.213;LAL
10;10;12/11/2023;;POR;W;116;110;114.8;108.8;101.1;.440;.226;.578;51.9;65.9;7.9;7.5;;.512;8.2;17.5;.357;;.572;13.8;87.2;.078;LAL
11;11;14/11/2023;;MEM;W;134;107;134.1;107.0;100.0;.296;.432;.732;62.1;63.8;4.0;18.9;;.716;16.4;33.3;.222;;.462;7.5;77.2;.085;LAL
12;12;15/11/2023;;SAC;L;110;125;103.8;118.0;105.9;.229;.349;.602;48.9;59.5;11.3;11.5;;.572;20.1;17.1;.181;;.583;12.7;76.6;.135;LAL
13;13;17/11/2023;@;POR;W;107;95;113.1;100.4;94.6;.272;.358;.590;47.8;67.5;11.6;11.5;;.568;16.6;27.5;.185;;.461;15.7;63.5;.146;LAL
14;14;19/11/2023;;HOU;W;105;104;106.1;105.1;99.0;.349;.349;.548;55.3;66.7;13.1;2.1;;.506;15.1;26.3;.253;;.571;16.9;84.2;.095;LAL
15;15;21/11/2023;;UTA;W;131;99;128.5;97.1;102.0;.314;.337;.669;55.3;71.4;5.9;9.3;;.634;11.7;23.7;.256;;.444;11.8;76.8;.122;LAL
16;16;22/11/2023;;DAL;L;101;104;108.2;111.4;93.3;.226;.345;.547;51.5;66.7;1.1;4.3;;.530;10.6;19.6;.143;;.479;3.7;79.2;.125;LAL
17;17;25/11/2023;@;CLE;W;121;115;114.5;108.8;105.7;.233;.300;.610;54.3;72.3;8.5;12.7;;.572;15.4;23.1;.200;;.522;12.2;83.3;.220;LAL
1;1;25/10/2023;@;UTA;W;130;114;128.0;112.2;101.6;.196;.500;.587;45.5;61.7;5.9;12.7;;.554;9.0;28.3;.167;;.500;11.8;65.2;.253;SAC
2;2;27/10/2023;;GSW;L;114;122;108.6;116.2;105.0;.309;.426;.534;51.3;58.5;9.5;5.5;;.500;11.6;23.8;.213;;.632;16.9;81.6;.138;SAC
3;3;29/10/2023;;LAL;W;132;127;114.5;110.1;104.5;.231;.462;.576;47.0;61.2;5.2;13.2;;.553;8.0;11.8;.163;;.515;9.6;83.7;.265;SAC
4;4;01/11/2023;@;GSW;L;101;102;107.8;108.9;93.7;.261;.398;.515;57.1;66.7;8.5;8.0;;.472;10.9;32.6;.205;;.549;16.3;82.9;.160;SAC
5;5;04/11/2023;@;HOU;L;89;107;94.3;113.4;94.3;.226;.488;.482;44.8;62.5;5.3;11.8;;.446;10.6;15.7;.167;;.534;10.3;77.8;.161;SAC
6;6;06/11/2023;@;HOU;L;97;122;108.4;136.4;89.4;.247;.494;.540;46.6;61.1;5.6;4.5;;.531;12.6;26.1;.136;;.673;10.3;81.5;.280;SAC
7;7;08/11/2023;;POR;W;121;118;111.7;108.9;98.1;.427;.416;.572;58.1;78.0;10.2;9.2;;.522;16.6;34.1;.315;;.552;15.3;83.3;.253;SAC
8;8;10/11/2023;;OKC;W;105;98;104.5;97.5;100.5;.231;.516;.524;57.8;73.7;9.9;15.8;;.489;14.5;32.7;.176;;.489;14.5;87.8;.149;SAC
9;9;13/11/2023;;CLE;W;132;120;142.1;129.2;92.9;.265;.506;.712;48.7;65.3;3.2;7.1;;.711;9.7;24.2;.169;;.582;10.0;67.4;.154;SAC
10;10;15/11/2023;@;LAL;W;125;110;118.0;103.8;105.9;.177;.458;.604;51.1;64.6;18.9;1.9;;.583;12.7;23.4;.135;;.572;20.1;82.9;.181;SAC
11;11;17/11/2023;@;SAS;W;129;120;121.4;113.0;106.2;.282;.494;.675;50.0;67.4;9.4;3.6;;.647;12.0;10.0;.224;;.549;12.8;86.4;.207;SAC
12;12;19/11/2023;@;DAL;W;129;113;134.5;117.8;95.9;.233;.444;.650;54.5;70.8;9.4;5.6;;.628;10.8;32.6;.178;;.534;9.1;75.6;.216;SAC
13;13;20/11/2023;@;NOP;L;93;129;93.8;130.2;99.1;.276;.517;.477;39.6;81.8;4.0;7.8;;.443;11.8;16.7;.184;;.609;9.0;73.0;.185;SAC
14;14;22/11/2023;@;NOP;L;112;117;112.8;117.8;99.3;.461;.579;.613;44.2;64.7;3.0;1.8;;.546;14.1;10.3;.382;;.511;8.8;72.3;.322;SAC
15;15;24/11/2023;@;MIN;W;124;111;123.2;110.2;100.7;.110;.350;.591;51.1;51.0;7.0;8.2;;.575;11.0;29.2;.090;;.512;16.0;76.2;.329;SAC
1;1;24/10/2023;;PHO;L;104;108;102.3;106.2;101.7;.277;.426;.459;45.0;52.8;10.8;9.7;;.406;8.8;29.5;.218;;.500;15.6;64.6;.137;GSW
2;2;27/10/2023;@;SAC;W;122;114;116.2;108.6;105.0;.161;.368;.655;48.8;66.7;13.3;5.6;;.632;16.9;18.4;.138;;.500;11.6;76.2;.213;GSW
3;3;29/10/2023;@;HOU;W;106;95;113.2;101.5;93.6;.284;.556;.582;53.8;77.1;6.4;10.5;;.543;13.3;20.0;.222;;.428;6.6;80.4;.200;GSW
4;4;30/10/2023;@;NOP;W;130;102;132.0;103.6;98.5;.204;.418;.609;62.1;54.9;6.1;13.0;;.597;11.6;45.7;.133;;.462;9.5;75.4;.172;GSW
5;5;01/11/2023;;SAC;W;102;101;108.9;107.8;93.7;.185;.383;.582;42.9;82.1;5.3;11.3;;.549;16.3;17.1;.160;;.472;10.9;67.4;.205;GSW
6;6;03/11/2023;@;OKC;W;141;139;134.6;132.7;104.8;.326;.435;.670;54.3;73.5;8.6;3.7;;.630;12.5;34.2;.272;;.693;16.5;78.1;.289;GSW
7;7;05/11/2023;@;CLE;L;104;115;105.2;116.3;98.9;.319;.436;.485;44.9;76.5;10.1;8.7;;.447;10.8;29.3;.213;;.560;15.9;67.5;.265;GSW
8;8;06/11/2023;@;DET;W;120;109;125.9;114.4;95.3;.216;.423;.565;53.0;56.5;8.4;8.0;;.536;9.4;34.7;.165;;.556;13.6;79.4;.250;GSW
9;9;08/11/2023;@;DEN;L;105;108;111.5;114.7;94.1;.302;.407;.539;52.1;56.8;5.3;0.0;;.494;8.5;23.9;.233;;.505;5.6;79.2;.163;GSW
10;10;11/11/2023;;CLE;L;110;118;106.5;114.3;103.3;.333;.422;.533;55.0;70.3;4.8;5.4;;.483;16.2;30.6;.256;;.494;8.7;78.4;.384;GSW
11;11;12/11/2023;;MIN;L;110;116;110.6;116.6;99.5;.292;.448;.508;52.0;64.9;9.0;0.0;;.448;11.4;33.3;.250;;.579;12.8;78.0;.256;GSW
12;12;14/11/2023;;MIN;L;101;104;103.0;106.1;98.0;.182;.443;.531;52.3;75.7;11.2;4.3;;.494;16.7;28.3;.159;;.531;17.4;78.6;.222;GSW
13;13;16/11/2023;;OKC;L;109;128;109.9;129.1;99.1;.194;.418;.512;53.8;67.5;5.0;7.3;;.480;13.1;36.4;.153;;.615;11.0;80.6;.241;GSW
14;14;18/11/2023;;OKC;L;123;130;115.2;121.7;96.7;.216;.474;.579;51.0;75.0;5.6;5.2;;.546;13.1;26.9;.175;;.560;8.4;79.5;.180;GSW
15;15;20/11/2023;;HOU;W;121;116;131.6;126.2;91.9;.429;.558;.661;47.3;72.2;3.3;1.9;;.604;8.0;19.5;.364;;.532;7.2;70.0;.158;GSW
16;16;22/11/2023;@;PHO;L;115;123;112.7;120.6;102.0;.322;.356;.560;50.0;67.4;9.8;6.3;;.533;12.7;25.6;.211;;.520;13.2;74.4;.579;GSW
17;17;24/11/2023;;SAS;W;118;112;111.2;105.5;106.2;.296;.506;.644;47.1;87.5;6.6;3.8;;.611;20.8;18.4;.235;;.510;15.3;69.4;.100;GSW
1;1;25/10/2023;;NOP;L;104;111;101.8;108.7;102.1;.220;.473;.521;41.6;60.5;7.8;13.2;;.484;11.5;16.3;.176;;.553;18.2;72.5;.200;MEM
2;2;27/10/2023;;DEN;L;104;108;101.3;105.2;102.6;.282;.388;.544;54.5;59.5;12.7;13.7;;.494;17.3;27.7;.235;;.545;15.1;85.4;.136;MEM
3;3;28/10/2023;@;WAS;L;106;113;104.7;111.6;101.3;.099;.516;.558;50.0;69.2;6.9;17.0;;.533;14.4;15.0;.099;;.516;9.7;78.0;.183;MEM
4;4;30/10/2023;;DAL;L;110;125;108.1;122.8;101.8;.217;.402;.546;47.8;52.4;8.8;10.8;;.533;10.6;19.2;.130;;.637;13.7;85.0;.214;MEM
5;5;01/11/2023;@;UTA;L;109;133;102.2;124.8;106.6;.333;.563;.495;45.7;71.4;11.3;15.9;;.438;12.0;25.9;.260;;.667;17.7;73.7;.195;MEM
6;6;03/11/2023;@;POR;L;113;115;103.9;105.7;98.5;.135;.365;.555;49.0;61.7;7.4;15.6;;.542;14.3;16.7;.094;;.453;11.1;73.2;.292;MEM
7;7;05/11/2023;@;POR;W;112;100;114.5;102.2;97.8;.146;.360;.591;51.0;60.0;6.1;14.0;;.579;14.5;24.4;.101;;.463;12.1;70.9;.126;MEM
8;8;08/11/2023;;MIA;L;102;108;104.5;110.7;97.6;.311;.411;.498;46.3;57.1;10.2;8.2;;.450;11.3;27.1;.233;;.526;17.3;73.5;.351;MEM
9;9;10/11/2023;;UTA;L;121;127;123.8;130.0;97.7;.129;.475;.567;49.3;50.0;5.1;12.8;;.550;9.3;31.8;.099;;.658;17.6;74.2;.355;MEM
10;10;12/11/2023;@;LAC;W;105;101;106.4;102.4;98.7;.273;.466;.533;50.0;67.6;7.1;11.8;;.494;14.0;25.0;.205;;.506;12.8;78.9;.176;MEM
11;11;14/11/2023;@;LAL;L;107;134;107.0;134.1;100.0;.113;.500;.481;37.9;71.8;8.0;19.6;;.462;7.5;22.8;.085;;.716;16.4;66.7;.222;MEM
12;12;18/11/2023;@;SAS;W;120;108;124.6;112.1;96.3;.419;.384;.589;52.9;57.5;7.3;7.0;;.529;10.5;30.0;.337;;.524;13.7;73.3;.253;MEM
13;13;19/11/2023;;BOS;L;100;102;108.9;111.1;91.8;.105;.463;.503;48.3;75.7;7.6;10.9;;.479;8.3;28.0;.095;;.532;16.2;75.7;.260;MEM
14;14;22/11/2023;@;HOU;L;91;111;94.3;115.0;96.5;.427;.390;.467;48.4;63.0;3.1;14.3;;.372;8.5;17.3;.366;;.511;5.6;86.0;.185;MEM
15;15;24/11/2023;;PHO;L;89;110;98.0;121.1;90.8;.125;.413;.527;46.1;59.5;6.6;4.4;;.519;13.3;15.0;.075;;.586;12.0;80.6;.276;MEM
1;1;25/10/2023;@;ORL;L;86;116;91.8;123.8;93.7;.203;.430;.500;35.2;59.4;6.4;5.7;;.481;17.3;14.9;.127;;.534;12.5;58.5;.264;HOU
2;2;27/10/2023;@;SAS;L;122;126;110.0;113.6;100.4;.200;.320;.561;50.0;57.7;6.3;3.8;;.560;14.2;26.2;.100;;.559;14.5;72.7;.223;HOU
3;3;29/10/2023;;GSW;L;95;106;101.5;113.2;93.6;.211;.367;.483;46.2;64.7;7.5;11.1;;.428;6.6;19.6;.200;;.543;13.3;80.0;.222;HOU
4;4;01/11/2023;;CHO;W;128;119;126.6;117.7;101.1;.274;.440;.680;46.3;79.5;9.9;3.2;;.649;15.3;19.4;.226;;.561;13.7;67.4;.200;HOU
5;5;04/11/2023;;SAC;W;107;89;113.4;94.3;94.3;.230;.414;.558;55.2;70.0;4.2;7.0;;.534;10.3;22.2;.161;;.446;10.6;84.3;.167;HOU
6;6;06/11/2023;;SAC;W;122;97;136.4;108.4;89.4;.360;.413;.702;53.4;65.1;8.9;9.8;;.673;10.3;18.5;.280;;.531;12.6;73.9;.136;HOU
7;7;08/11/2023;;LAL;W;128;94;131.8;96.8;97.1;.204;.355;.631;62.6;51.0;4.1;5.1;;.624;9.8;32.6;.129;;.470;8.7;89.6;.179;HOU
8;8;10/11/2023;;NOP;W;104;101;106.0;102.9;98.1;.318;.398;.518;46.2;55.6;9.2;10.0;;.466;8.2;18.0;.250;;.507;16.7;80.5;.333;HOU
9;9;12/11/2023;;DEN;W;107;104;113.8;110.6;94.1;.333;.368;.536;47.9;54.1;7.4;6.8;;.483;8.3;24.5;.264;;.511;10.2;73.3;.121;HOU
10;10;17/11/2023;@;LAC;L;100;106;101.5;107.6;98.5;.227;.352;.517;50.0;63.2;6.1;10.2;;.489;14.2;23.5;.159;;.512;11.1;81.4;.253;HOU
11;11;19/11/2023;@;LAL;L;104;105;105.1;106.1;99.0;.119;.440;.588;44.7;85.4;7.1;5.6;;.571;16.9;15.8;.095;;.506;15.1;73.7;.253;HOU
12;12;20/11/2023;@;GSW;L;116;121;126.2;131.6;91.9;.200;.432;.561;52.7;63.6;6.5;8.8;;.532;7.2;30.0;.158;;.604;8.0;80.5;.364;HOU
13;13;22/11/2023;;MEM;W;111;91;115.0;94.3;96.5;.217;.467;.551;51.6;55.0;6.2;12.0;;.511;5.6;14.0;.185;;.372;8.5;82.7;.366;HOU
14;14;24/11/2023;;DEN;W;105;86;108.3;88.7;97.0;.183;.354;.593;51.6;62.5;9.3;14.1;;.561;13.6;16.7;.159;;.378;12.7;72.9;.160;HOU
1;1;25/10/2023;;DAL;L;119;126;111.8;118.4;106.4;.247;.393;.603;48.4;71.7;7.5;9.6;;.579;16.1;20.5;.180;;.551;9.9;73.5;.172;SAS
2;2;27/10/2023;;HOU;W;126;122;113.6;110.0;100.4;.298;.447;.593;50.0;69.6;9.9;5.9;;.559;14.5;27.3;.223;;.560;14.2;73.8;.100;SAS
3;3;29/10/2023;@;LAC;L;83;123;79.4;117.7;104.5;.200;.413;.477;43.5;70.0;8.6;12.2;;.444;22.3;13.3;.150;;.604;13.8;77.5;.143;SAS
4;4;31/10/2023;@;PHO;W;115;114;113.2;112.2;101.6;.217;.402;.570;46.3;58.1;9.8;20.5;;.543;10.6;17.8;.163;;.614;17.5;82.9;.145;SAS
5;5;02/11/2023;@;PHO;W;132;121;133.1;122.0;99.2;.133;.378;.636;54.7;72.5;7.1;10.4;;.612;7.2;23.7;.122;;.638;13.3;86.5;.238;SAS
6;6;05/11/2023;;TOR;L;116;123;108.4;114.9;97.0;.135;.333;.570;49.5;62.5;6.5;14.3;;.552;14.3;20.9;.104;;.552;11.4;74.0;.165;SAS
7;7;06/11/2023;@;IND;L;111;152;105.6;144.6;105.1;.319;.277;.518;42.4;65.0;6.7;8.8;;.468;9.3;23.1;.245;;.684;11.8;72.7;.232;SAS
8;8;08/11/2023;@;NYK;L;105;126;109.2;131.0;96.2;.144;.378;.548;49.5;70.5;2.1;12.1;;.539;12.0;24.4;.089;;.555;2.7;72.9;.150;SAS
9;9;10/11/2023;;MIN;L;110;117;106.1;112.9;103.7;.207;.370;.548;42.7;67.4;8.7;13.3;;.533;12.2;15.6;.130;;.552;15.4;70.5;.241;SAS
10;10;12/11/2023;;MIA;L;113;118;117.7;122.9;96.0;.132;.484;.587;54.9;83.3;3.1;10.3;;.566;15.0;26.8;.110;;.506;3.8;78.0;.315;SAS
11;11;14/11/2023;@;OKC;L;87;123;82.5;116.6;105.5;.097;.323;.449;51.8;66.7;6.6;12.0;;.435;19.8;26.5;.065;;.601;13.3;88.2;.180;SAS
12;12;17/11/2023;;SAC;L;120;129;113.0;121.4;106.2;.250;.391;.588;50.0;76.7;6.6;7.0;;.549;12.8;13.6;.207;;.647;12.0;90.0;.224;SAS
13;13;18/11/2023;;MEM;L;108;120;112.1;124.6;96.3;.313;.482;.572;47.1;72.2;5.2;17.0;;.524;13.7;26.7;.253;;.529;10.5;70.0;.337;SAS
14;14;20/11/2023;;LAC;L;99;124;99.6;124.7;99.4;.156;.422;.515;49.0;59.0;4.0;11.9;;.489;14.3;24.1;.122;;.537;6.2;78.3;.232;SAS
15;15;22/11/2023;;LAC;L;102;109;101.2;108.2;100.8;.253;.418;.504;46.8;74.3;7.9;10.5;;.445;11.4;20.4;.231;;.512;14.1;75.6;.259;SAS
16;16;24/11/2023;@;GSW;L;112;118;105.5;111.2;106.2;.120;.470;.532;52.9;62.2;9.4;7.5;;.510;15.3;30.6;.100;;.611;20.8;81.6;.235;SAS
1;1;25/10/2023;@;SAS;W;126;119;118.4;111.8;106.4;.232;.475;.577;51.6;51.1;5.6;5.6;;.551;9.9;26.5;.172;;.579;16.1;79.5;.180;DAL
2;2;27/10/2023;;BRK;W;125;120;124.2;119.2;100.6;.308;.396;.605;46.0;45.5;5.0;4.1;;.566;8.0;17.8;.242;;.603;13.5;76.2;.098;DAL
3;3;30/10/2023;@;MEM;W;125;110;122.8;108.1;101.8;.286;.560;.661;52.2;57.1;3.9;12.7;;.637;13.7;15.0;.214;;.533;10.6;80.8;.130;DAL
4;4;01/11/2023;;CHI;W;114;105;123.9;114.1;92.0;.346;.593;.611;51.1;62.2;7.6;3.6;;.580;12.2;29.5;.247;;.534;12.2;72.7;.112;DAL
5;5;03/11/2023;@;DEN;L;114;125;118.1;129.4;96.6;.198;.488;.610;40.0;65.9;12.4;9.5;;.576;13.8;23.8;.174;;.597;14.4;55.8;.151;DAL
6;6;05/11/2023;;CHO;W;124;118;119.8;114.0;103.5;.352;.462;.590;52.2;72.1;2.9;8.7;;.549;8.7;21.4;.264;;.535;6.9;79.2;.121;DAL
7;7;06/11/2023;@;ORL;W;117;102;114.5;99.8;102.2;.341;.488;.620;44.9;51.2;8.8;10.3;;.591;12.9;13.5;.244;;.518;17.7;81.3;.165;DAL
8;8;08/11/2023;;TOR;L;116;127;111.4;122.0;104.1;.369;.488;.594;43.2;62.5;3.8;9.5;;.577;13.3;14.6;.226;;.551;9.0;68.1;.182;DAL
9;9;10/11/2023;;LAC;W;144;126;147.7;129.3;97.5;.265;.429;.658;46.6;58.8;7.2;1.6;;.617;6.8;34.9;.235;;.534;11.9;57.8;.364;DAL
10;10;12/11/2023;@;NOP;W;136;124;127.8;116.5;106.4;.206;.520;.611;43.8;58.0;6.6;10.7;;.588;5.1;16.3;.157;;.603;15.0;72.3;.141;DAL
11;11;14/11/2023;@;NOP;L;110;131;108.2;128.8;101.7;.289;.467;.542;51.7;65.8;3.9;5.4;;.500;16.5;34.8;.222;;.596;10.2;70.7;.202;DAL
12;12;15/11/2023;@;WAS;W;130;117;126.2;113.6;103.0;.315;.457;.620;50.0;66.7;5.8;7.5;;.614;8.7;19.1;.185;;.551;10.8;82.2;.213;DAL
13;13;18/11/2023;@;MIL;L;125;132;120.0;126.7;104.2;.097;.456;.582;54.4;52.9;1.0;4.1;;.573;10.1;23.4;.068;;.612;5.5;88.4;.181;DAL
14;14;19/11/2023;;SAC;L;113;129;117.8;134.5;95.9;.295;.386;.568;45.5;56.1;8.3;4.0;;.534;9.1;24.4;.216;;.628;10.8;67.4;.178;DAL
15;15;22/11/2023;@;LAL;W;104;101;111.4;108.2;93.3;.167;.521;.505;48.5;55.3;5.4;7.3;;.479;3.7;20.8;.125;;.530;10.6;80.4;.143;DAL
16;16;25/11/2023;@;LAC;L;88;107;95.1;115.6;92.6;.154;.418;.453;39.4;50.0;6.5;8.5;;.423;8.5;20.0;.121;;.477;10.6;61.4;.261;DAL
1;1;25/10/2023;@;MEM;W;111;104;108.7;101.8;102.1;.259;.376;.586;58.4;55.0;7.8;10.4;;.553;18.2;27.5;.200;;.484;11.5;83.7;.176;NOP
2;2;28/10/2023;;NYK;W;96;87;96.2;87.2;99.8;.184;.379;.510;42.2;50.0;8.0;9.4;;.511;12.1;8.5;.080;;.406;15.5;70.9;.156;NOP
3;3;30/10/2023;;GSW;L;102;130;103.6;132.0;98.5;.280;.419;.488;37.9;60.5;8.1;5.3;;.462;9.5;24.6;.172;;.597;11.6;54.3;.133;NOP
4;4;01/11/2023;@;OKC;W;110;106;107.1;103.2;102.8;.284;.412;.479;54.2;57.5;7.8;9.3;;.456;8.0;33.8;.167;;.472;12.4;85.7;.261;NOP
5;5;02/11/2023;;DET;W;125;116;127.9;118.7;97.7;.438;.400;.655;42.9;69.2;5.1;12.5;;.575;11.2;19.4;.413;;.505;13.2;60.4;.223;NOP
6;6;04/11/2023;;ATL;L;105;123;114.6;134.3;91.6;.250;.369;.563;40.2;60.0;9.8;13.5;;.524;8.8;21.4;.202;;.559;9.6;57.8;.204;NOP
7;7;06/11/2023;@;DEN;L;116;134;115.8;133.7;100.2;.167;.333;.600;45.8;53.3;6.0;3.6;;.572;11.9;19.0;.144;;.616;7.9;73.2;.179;NOP
8;8;08/11/2023;@;MIN;L;101;122;98.7;119.2;102.3;.237;.301;.492;45.5;63.9;5.9;2.2;;.430;14.2;21.6;.226;;.640;14.7;78.4;.207;NOP
9;9;10/11/2023;@;HOU;L;101;104;102.9;106.0;98.1;.453;.333;.561;53.8;35.3;6.1;11.3;;.507;16.7;19.5;.333;;.466;8.2;82.0;.250;NOP
10;10;12/11/2023;;DAL;L;124;136;116.5;127.8;106.4;.239;.391;.610;56.3;66.0;1.9;6.1;;.603;15.0;27.7;.141;;.588;5.1;83.7;.157;NOP
11;11;14/11/2023;;DAL;W;131;110;128.8;108.2;101.7;.277;.404;.621;48.3;67.3;16.7;12.5;;.596;10.2;29.3;.202;;.500;16.5;65.2;.222;NOP
12;12;17/11/2023;;DEN;W;115;110;113.5;108.6;101.3;.239;.261;.591;43.3;71.7;7.9;8.9;;.591;8.5;9.1;.125;;.542;11.4;76.1;.063;NOP
13;13;18/11/2023;;MIN;L;120;121;122.1;123.1;98.3;.267;.337;.624;54.8;61.4;9.2;10.2;;.581;15.0;31.7;.233;;.619;13.2;84.4;.275;NOP
14;14;20/11/2023;;SAC;W;129;93;130.2;93.8;99.1;.228;.304;.637;60.4;76.0;8.1;14.3;;.609;9.0;27.0;.185;;.443;11.8;83.3;.184;NOP
15;15;22/11/2023;;SAC;W;117;112;117.8;112.8;99.3;.425;.345;.566;55.8;56.1;10.1;6.3;;.511;8.8;27.7;.322;;.546;14.1;89.7;.382;NOP
16;16;24/11/2023;@;LAC;W;116;106;115.5;105.5;100.4;.307;.273;.581;56.2;60.5;6.0;9.1;;.545;13.1;27.9;.227;;.516;10.0;82.6;.120;NOP
17;17;25/11/2023;@;UTA;L;100;105;100.9;106.0;99.1;.194;.387;.495;44.7;79.5;15.1;9.1;;.478;11.4;25.5;.118;;.523;19.6;67.4;.161;NOP
16;16;26/11/2023;;PHO;L;113;116;127.2;130.6;88.8;.372;.337;.565;44.7;46.2;7.9;9.4;;.523;5.7;31.0;.267;;.549;9.9;58.1;.176;NYK
17;17;26/11/2023;;ATL;W;113;103;117.0;106.6;96.6;.211;.495;.544;57.4;57.1;9.3;8.6;;.511;10.4;36.0;.168;;.517;13.5;78.4;.136;BOS
18;18;28/11/2023;;CHI;W;124;97;128.4;100.4;96.6;.133;.544;.651;58.4;76.6;6.2;14.5;;.639;14.4;28.2;.100;;.483;7.6;82.0;.111;BOS
19;19;01/12/2023;;PHI;W;125;119;122.8;116.9;101.8;.468;.429;.673;52.3;64.1;9.8;13.6;;.610;17.7;27.0;.403;;.543;13.3;70.6;.181;BOS
17;17;27/11/2023;;LAL;W;138;94;146.5;99.8;94.2;.280;.495;.661;60.0;70.2;11.7;3.6;;.624;4.6;36.6;.237;;.512;16.1;84.6;.108;PHI
18;18;29/11/2023;@;NOP;L;114;124;115.8;125.9;98.5;.222;.420;.641;42.9;66.7;8.1;14.6;;.605;19.1;22.9;.198;;.603;17.7;62.9;.385;PHI
19;19;01/12/2023;@;BOS;L;119;125;116.9;122.8;101.8;.245;.372;.571;47.7;37.2;15.7;11.4;;.543;13.3;29.4;.181;;.610;17.7;73.0;.403;PHI
17;17;28/11/2023;;CHO;W;115;91;121.5;96.1;94.7;.227;.432;.594;56.8;51.2;10.6;12.1;;.551;14.2;34.9;.205;;.489;15.6;75.0;.045;NYK
18;18;30/11/2023;;DET;W;118;112;120.4;114.2;98.0;.318;.466;.588;49.4;61.0;8.2;6.5;;.557;9.9;26.1;.227;;.623;18.4;78.4;.136;NYK
19;19;01/12/2023;@;TOR;W;119;106;124.2;110.6;95.8;.178;.400;.613;47.3;66.7;6.3;4.4;;.589;11.0;27.5;.144;;.470;10.0;62.7;.120;NYK
17;17;26/11/2023;@;CLE;L;102;105;105.3;108.4;96.8;.326;.360;.501;50.5;45.9;9.3;4.5;;.461;10.5;31.5;.225;;.515;12.3;73.3;.052;TOR
18;18;28/11/2023;@;BRK;L;103;115;103.9;116.0;99.1;.188;.356;.471;43.8;69.2;11.1;5.9;;.450;6.0;24.6;.119;;.522;13.0;70.5;.247;TOR
19;19;29/11/2023;;PHO;W;112;105;117.5;110.2;95.3;.226;.290;.548;51.0;59.5;7.3;7.4;;.505;8.1;30.0;.194;;.441;8.0;73.9;.234;TOR
20;20;01/12/2023;;NYK;L;106;119;110.6;124.2;95.8;.170;.320;.493;52.7;72.7;7.3;11.1;;.470;10.0;37.3;.120;;.589;11.0;72.5;.144;TOR
15;15;25/11/2023;;MIA;W;112;97;121.5;105.2;92.2;.295;.462;.635;48.8;69.2;11.9;17.0;;.590;11.1;20.5;.256;;.500;15.5;72.3;.115;BRK
16;16;26/11/2023;;CHI;W;118;109;131.0;121.0;90.1;.181;.639;.658;49.4;70.7;7.8;3.9;;.645;9.1;21.1;.133;;.554;10.6;75.6;.205;BRK
17;17;28/11/2023;;TOR;W;115;103;116.0;103.9;99.1;.292;.427;.572;56.2;65.0;7.1;12.3;;.522;13.0;29.5;.247;;.450;6.0;75.4;.119;BRK
18;18;30/11/2023;;CHO;L;128;129;137.0;138.0;93.4;.143;.343;.573;55.9;40.4;6.4;7.3;;.562;7.5;44.0;.095;;.621;8.4;69.8;.176;BRK
19;19;02/12/2023;;ORL;W;129;101;129.2;101.1;99.9;.341;.374;.616;61.3;67.4;4.0;12.1;;.582;9.5;32.6;.253;;.454;10.0;86.0;.253;BRK
17;17;26/11/2023;;POR;W;108;102;108.8;102.7;99.3;.360;.472;.524;56.5;54.3;13.1;18.6;;.472;14.2;38.3;.270;;.478;14.6;75.6;.165;MIL
18;18;28/11/2023;@;MIA;W;131;124;132.7;125.6;98.7;.307;.398;.656;56.3;55.3;3.0;6.3;;.608;8.3;22.9;.273;;.585;5.5;82.2;.149;MIL
19;19;30/11/2023;@;CHI;L;113;120;101.3;107.5;101.1;.133;.490;.545;45.7;63.6;10.8;9.8;;.531;16.2;19.6;.092;;.526;16.3;70.8;.173;MIL
20;20;02/12/2023;;ATL;W;132;121;129.8;119.0;101.7;.169;.371;.690;52.4;62.3;4.9;9.5;;.674;13.6;24.2;.135;;.520;9.1;70.6;.158;MIL
16;16;27/11/2023;;POR;L;110;114;105.9;109.7;103.9;.273;.375;.558;52.5;61.9;9.6;9.0;;.523;16.9;25.6;.205;;.524;14.0;78.0;.294;IND
17;17;30/11/2023;@;MIA;L;132;142;122.7;132.0;107.6;.327;.439;.589;41.5;60.0;10.2;7.7;;.566;7.4;20.8;.214;;.605;11.7;70.6;.442;IND
18;18;02/12/2023;@;MIA;W;144;129;144.5;129.4;99.7;.235;.376;.768;53.3;62.5;4.0;12.5;;.753;8.8;12.0;.188;;.607;9.1;82.9;.236;IND
17;17;26/11/2023;;TOR;W;105;102;108.4;105.3;96.8;.062;.320;.527;49.5;64.4;2.1;8.8;;.515;12.3;26.7;.052;;.461;10.5;68.5;.225;CLE
18;18;28/11/2023;;ATL;W;128;105;124.3;102.0;103.0;.183;.387;.637;55.6;54.0;7.8;21.1;;.608;13.7;28.6;.161;;.411;8.2;75.4;.218;CLE
19;19;30/11/2023;;POR;L;95;103;102.7;111.3;92.5;.135;.360;.504;46.7;65.8;13.0;4.8;;.466;15.3;31.1;.135;;.597;21.2;70.0;.143;CLE
20;20;02/12/2023;@;DET;W;110;101;111.8;102.7;98.4;.202;.337;.567;46.7;56.8;11.2;1.9;;.551;10.2;17.0;.135;;.518;14.7;77.8;.181;CLE
18;18;26/11/2023;@;BRK;L;109;118;121.0;131.0;90.1;.265;.386;.588;50.6;52.5;3.3;6.7;;.554;10.6;24.4;.205;;.645;9.1;78.9;.133;CHI
19;19;28/11/2023;@;BOS;L;97;124;100.4;128.4;96.6;.200;.311;.495;41.6;64.1;11.4;17.1;;.483;7.6;18.0;.111;;.639;14.4;71.8;.100;CHI
20;20;30/11/2023;;MIL;W;120;113;107.5;101.3;101.1;.224;.378;.557;54.3;71.1;12.5;8.0;;.526;16.3;29.2;.173;;.531;16.2;80.4;.092;CHI
21;21;02/12/2023;;NOP;W;124;118;132.0;125.6;94.0;.170;.455;.655;51.3;66.7;6.4;14.0;;.642;12.1;31.6;.125;;.549;11.0;69.0;.341;CHI
17;17;27/11/2023;;WAS;L;107;126;100.2;118.0;106.8;.186;.373;.485;51.6;67.4;6.6;18.3;;.461;12.7;31.0;.127;;.562;12.9;83.8;.292;DET
18;18;29/11/2023;;LAL;L;107;133;102.0;126.7;104.9;.144;.371;.519;44.3;70.0;7.6;5.6;;.490;11.9;19.6;.124;;.580;10.3;78.4;.352;DET
19;19;30/11/2023;@;NYK;L;112;118;114.2;120.4;98.0;.210;.432;.633;50.6;51.2;4.1;6.4;;.623;18.4;21.6;.136;;.557;9.9;73.9;.227;DET
20;20;02/12/2023;;CLE;L;101;110;102.7;111.8;98.4;.277;.361;.542;53.3;61.5;9.1;5.1;;.518;14.7;22.2;.181;;.551;10.2;83.0;.135;DET
17;17;26/11/2023;;CHO;W;130;117;122.4;110.2;106.2;.379;.310;.640;55.0;70.2;9.4;5.7;;.598;12.1;18.4;.299;;.608;16.1;88.1;.193;ORL
18;18;29/11/2023;;WAS;W;139;120;136.2;117.6;102.1;.286;.321;.735;60.3;66.7;4.9;10.3;;.708;16.0;29.0;.238;;.534;8.9;83.3;.310;ORL
19;19;01/12/2023;;WAS;W;130;125;122.8;118.1;105.8;.371;.348;.628;52.4;76.1;5.7;13.1;;.584;11.9;23.8;.292;;.579;12.0;81.0;.247;ORL
20;20;02/12/2023;@;BRK;L;101;129;101.1;129.2;99.9;.310;.333;.511;38.7;68.6;3.0;8.8;;.454;10.0;14.0;.253;;.582;9.5;67.4;.253;ORL
18;18;28/11/2023;;MIL;L;124;131;125.6;132.7;98.7;.223;.319;.601;43.8;66.7;3.0;9.4;;.585;5.5;17.8;.149;;.608;8.3;77.1;.273;MIA
19;19;30/11/2023;;IND;W;142;132;132.0;122.7;107.6;.523;.244;.671;58.5;52.1;3.7;1.8;;.605;11.7;29.4;.442;;.566;7.4;79.2;.214;MIA
20;20;02/12/2023;;IND;L;129;144;129.4;144.5;99.7;.270;.281;.648;46.7;56.3;3.0;1.9;;.607;9.1;17.1;.236;;.753;8.8;88.0;.188;MIA
16;16;26/11/2023;@;BOS;L;103;113;106.6;117.0;96.6;.216;.602;.534;42.6;41.7;5.2;8.3;;.517;13.5;21.6;.136;;.511;10.4;64.0;.168;ATL
17;17;28/11/2023;@;CLE;L;105;128;102.0;124.3;103.0;.238;.436;.471;44.4;60.0;8.7;5.3;;.411;8.2;24.6;.218;;.608;13.7;71.4;.161;ATL
18;18;30/11/2023;@;SAS;W;137;135;127.1;125.2;107.8;.302;.344;.630;44.0;49.0;13.0;4.2;;.583;8.4;18.2;.260;;.640;17.5;72.5;.236;ATL
19;19;02/12/2023;@;MIL;L;121;132;119.0;129.8;101.7;.208;.376;.549;47.6;51.1;10.8;7.1;;.520;9.1;29.4;.158;;.674;13.6;75.8;.135;ATL
15;15;26/11/2023;@;ORL;L;117;130;110.2;122.4;106.2;.301;.361;.622;45.0;61.4;5.7;11.7;;.608;16.1;11.9;.193;;.598;12.1;81.6;.299;CHO
16;16;28/11/2023;@;NYK;L;91;115;96.1;121.5;94.7;.079;.348;.494;43.2;56.8;8.5;4.0;;.489;15.6;25.0;.045;;.551;14.2;65.1;.205;CHO
17;17;30/11/2023;@;BRK;W;129;128;138.0;137.0;93.4;.176;.396;.658;44.1;65.2;6.4;10.1;;.621;8.4;30.2;.176;;.562;7.5;56.0;.095;CHO
18;18;02/12/2023;;MIN;L;117;123;123.7;130.1;94.6;.209;.275;.589;46.8;65.9;6.3;7.5;;.549;7.5;24.4;.187;;.577;10.2;72.2;.310;CHO
17;17;27/11/2023;@;DET;W;126;107;118.0;100.2;106.8;.315;.326;.622;48.4;64.4;7.5;9.4;;.562;12.9;16.2;.292;;.461;12.7;69.0;.127;WAS
18;18;29/11/2023;@;ORL;L;120;139;117.6;136.2;102.1;.402;.333;.586;39.7;68.3;13.7;5.3;;.534;8.9;16.7;.310;;.708;16.0;71.0;.238;WAS
19;19;01/12/2023;@;ORL;L;125;130;118.1;122.8;105.8;.348;.315;.609;47.6;55.6;7.6;8.6;;.579;12.0;19.0;.247;;.584;11.9;76.2;.292;WAS
16;16;26/11/2023;@;MEM;W;119;97;122.5;99.8;97.2;.284;.420;.653;54.5;69.8;5.1;9.8;;.623;13.3;20.0;.222;;.443;11.5;76.6;.216;MIN
17;17;28/11/2023;;OKC;W;106;103;109.4;106.3;96.9;.410;.423;.576;58.6;54.5;3.1;15.0;;.513;17.1;27.0;.333;;.472;7.4;82.0;.200;MIN
18;18;30/11/2023;;UTA;W;101;90;106.9;95.3;94.5;.146;.393;.533;45.2;74.4;13.8;13.2;;.511;10.4;20.8;.112;;.443;16.9;71.1;.149;MIN
19;19;02/12/2023;@;CHO;W;123;117;130.1;123.7;94.6;.357;.369;.633;53.2;60.5;5.3;4.5;;.577;10.2;27.8;.310;;.549;7.5;75.6;.18;MIN
17;17;28/11/2023;@;MIN;L;103;106;106.3;109.4;96.9;.256;.333;.514;41.4;59.5;8.3;8.9;;.472;7.4;18.0;.200;;.513;17.1;73.0;.333;OKC
18;18;30/11/2023;;LAL;W;133;110;132.7;109.7;100.2;.234;.447;.641;53.9;58.0;9.0;12.5;;.606;6.3;19.0;.202;;.512;12.0;85.1;.333;OKC
19;19;02/12/2023;@;DAL;W;126;120;125.3;119.3;100.6;.220;.440;.574;51.5;54.5;8.0;14.3;;.540;9.9;33.3;.180;;.557;12.8;69.4;.264;OKC
18;18;27/11/2023;@;LAC;W;113;104;118.6;109.2;95.3;.304;.239;.542;51.5;63.6;8.4;9.2;;.533;9.5;35.3;.163;;.447;11.5;68.0;.329;DEN
19;19;29/11/2023;;HOU;W;134;124;145.4;134.5;92.2;.274;.453;.629;53.9;77.1;4.3;4.4;;.605;2.7;32.5;.200;;.640;7.8;77.8;.163;DEN
20;20;01/12/2023;@;PHO;W;119;111;123.1;114.8;96.7;.136;.364;.638;42.7;76.0;8.3;7.0;;.636;8.8;10.3;.080;;.518;11.2;77.8;.286;DEN
21;21;02/12/2023;@;SAC;L;117;123;109.7;115.4;106.6;.202;.253;.543;49.5;71.4;8.4;10.8;;.525;8.5;17.4;.131;;.566;9.4;80.9;.111;DEN
17;17;27/11/2023;;NOP;W;114;112;118.1;116.1;96.5;.318;.545;.568;47.3;83.8;6.2;6.1;;.517;9.1;19.6;.261;;.540;7.5;75.6;.193;NOP
18;18;29/11/2023;@;MEM;L;91;105;96.6;111.5;94.2;.133;.433;.478;43.3;76.5;8.5;16.7;;.467;15.1;23.5;.078;;.569;14.2;69.2;.069;NOP
19;19;30/11/2023;@;MIN;L;90;101;95.3;106.9;94.5;.161;.391;.483;54.8;66.7;6.4;7.4;;.443;16.9;28.9;.149;;.511;10.4;79.2;.112;NOP
20;20;02/12/2023;;POR;W;118;113;115.7;110.8;92.4;.255;.362;.564;58.3;58.7;4.9;20.0;;.527;14.0;35.6;.202;;.468;7.8;78.4;.253;NOP
16;16;26/11/2023;@;MIL;L;102;108;102.7;108.8;99.3;.220;.352;.511;43.5;56.8;15.1;8.5;;.478;14.6;24.4;.165;;.472;14.2;61.7;.270;POR
17;17;27/11/2023;@;IND;W;114;110;109.7;105.9;103.9;.365;.212;.578;47.5;50.0;5.8;7.3;;.524;14.0;22.0;.294;;.523;16.9;74.4;.205;POR
18;18;30/11/2023;@;CLE;W;103;95;111.3;102.7;92.5;.143;.455;.629;53.3;74.4;10.8;7.0;;.597;21.2;30.0;.143;;.466;15.3;68.9;.135;POR
19;19;02/12/2023;@;UTA;L;113;118;110.8;115.7;92.4;.284;.421;.529;41.7;44.7;10.8;8.3;;.468;7.8;21.6;.253;;.527;14.0;64.4;.202;POR
18;18;29/11/2023;@;TOR;L;105;112;110.2;117.5;95.3;.245;.277;.504;49.0;65.8;3.1;7.6;;.441;8.0;26.1;.234;;.505;8.1;70.0;.194;PHO
19;19;01/12/2023;;DEN;L;111;119;114.8;123.1;96.7;.310;.321;.582;57.3;56.4;4.1;14.3;;.518;11.2;22.2;.286;;.636;8.8;89.7;.080;PHO
20;20;02/12/2023;;MEM;W;116;109;114.3;107.4;101.5;.518;.313;.569;52.4;66.7;9.9;9.1;;.488;13.6;27.3;.422;;.506;13.4;80.0;.256;PHO
18;18;27/11/2023;@;PHI;L;94;138;99.8;146.5;94.2;.157;.337;.530;40.0;59.0;3.2;8.5;;.512;16.1;15.4;.108;;.624;4.6;63.4;.237;LAL
19;19;29/11/2023;@;DET;W;133;107;126.7;102.0;104.9;.432;.386;.635;55.7;62.2;6.7;16.4;;.580;10.3;21.6;.352;;.490;11.9;80.4;.124;LAL
20;20;30/11/2023;@;OKC;L;110;133;109.7;132.7;100.2;.395;.407;.578;46.1;66.7;6.0;3.8;;.512;12.0;14.9;.333;;.606;6.3;81.0;.202;LAL
21;21;02/12/2023;;HOU;W;107;97;107.3;97.3;99.7;.303;.303;.530;47.1;60.0;11.0;12.1;;.494;8.2;17.3;.213;;.466;14.2;78.0;.157;LAL
16;16;27/11/2023;;DEN;L;104;113;109.2;118.6;95.3;.400;.235;.520;48.5;51.4;6.3;12.9;;.447;11.5;32.0;.329;;.533;9.5;64.7;.163;LAC
17;17;29/11/2023;@;SAC;W;131;117;135.8;121.2;96.5;.237;.301;.638;44.0;56.0;8.3;11.1;;.613;3.7;19.0;.183;;.541;12.5;69.0;.279;LAC
18;18;30/11/2023;@;GSW;L;114;120;123.8;130.4;92.0;.253;.337;.540;47.8;61.9;5.4;2.3;;.505;5.4;28.8;.189;;.591;6.8;73.7;.280;LAC
19;19;02/12/2023;;GSW;W;113;112;112.1;111.1;100.8;.156;.433;.588;48.8;70.5;5.0;14.0;;.561;10.3;12.2;.133;;.541;11.9;85.4;.221;LAC
16;16;28/11/2023;;GSW;W;124;123;118.4;117.4;104.7;.462;.484;.566;46.9;61.0;7.6;16.7;;.533;8.4;21.8;.297;;.584;15.8;79.1;.313;SAC
17;17;29/11/2023;;LAC;L;117;131;121.2;135.8;96.5;.326;.477;.595;56.0;55.0;1.0;1.5;;.541;12.5;31.0;.279;;.613;3.7;81.0;.183;SAC
18;18;02/12/2023;;DEN;W;123;117;115.4;109.7;106.6;.152;.343;.582;50.5;68.8;6.6;6.8;;.566;9.4;19.1;.111;;.525;8.5;82.6;.131;SAC
18;18;28/11/2023;@;SAC;L;123;124;117.4;118.4;104.7;.361;.494;.639;53.1;62.5;5.7;12.8;;.584;15.8;20.9;.313;;.533;8.4;78.2;.297;GSW
19;19;30/11/2023;;LAC;W;120;114;130.4;123.8;92.0;.378;.476;.627;52.2;73.2;3.3;6.3;;.591;6.8;26.3;.280;;.505;5.4;71.2;.189;GSW
20;20;02/12/2023;@;LAC;L;112;113;111.1;112.1;100.8;.279;.500;.580;51.2;81.6;5.0;7.8;;.541;11.9;14.6;.221;;.561;10.3;87.8;.133;GSW
16;16;26/11/2023;;MIN;L;97;119;99.8;122.5;97.2;.307;.420;.486;45.5;70.6;4.1;8.5;;.443;11.5;23.4;.216;;.623;13.3;80.0;.222;MEM
17;17;29/11/2023;;UTA;W;105;91;111.5;96.6;94.2;.092;.448;.580;56.7;60.5;9.6;19.6;;.569;14.2;30.8;.069;;.467;15.1;76.5;.078;MEM
18;18;01/12/2023;@;DAL;W;108;94;114.3;99.4;94.5;.122;.378;.569;55.3;61.4;8.5;22.6;;.550;12.9;31.0;.100;;.435;9.8;75.0;.152;MEM
19;19;02/12/2023;@;PHO;L;109;116;107.4;114.3;101.5;.279;.360;.564;47.6;35.9;8.9;14.0;;.506;13.4;20.0;.256;;.488;13.6;72.7;.422;MEM
15;15;28/11/2023;@;DAL;L;115;121;119.3;125.5;96.4;.341;.341;.588;51.3;78.6;2.1;10.9;;.541;10.9;25.6;.271;;.539;6.4;76.9;.281;HOU
16;16;29/11/2023;@;DEN;L;124;134;134.5;145.4;92.2;.221;.477;.657;46.1;57.4;3.3;9.6;;.640;7.8;22.2;.163;;.605;2.7;67.5;.200;HOU
17;17;02/12/2023;@;LAL;L;97;107;97.3;107.3;99.7;.202;.348;.500;52.9;66.7;5.0;11.3;;.466;14.2;22.0;.157;;.494;8.2;82.7;.213;HOU
17;17;26/11/2023;@;DEN;L;120;132;113.6;125.0;105.6;.280;.398;.574;43.8;81.0;9.5;9.8;;.527;12.6;22.7;.237;;.629;16.0;69.4;.225;SAS
18;18;30/11/2023;;ATL;L;135;137;125.2;127.1;107.8;.258;.461;.681;56.0;70.8;3.7;11.1;;.640;17.5;27.5;.236;;.583;8.4;81.8;.260;SAS
19;19;01/12/2023;@;NOP;L;106;121;108.4;123.8;97.8;.205;.470;.586;48.1;73.7;5.1;9.3;;.554;17.4;20.0;.169;;.553;10.1;75.6;.318;SAS
17;17;28/11/2023;;HOU;W;121;115;125.5;119.3;96.4;.326;.382;.595;48.7;59.5;5.2;7.1;;.539;6.4;23.1;.281;;.541;10.9;74.4;.271;DAL
18;18;01/12/2023;;MEM;L;94;108;99.4;114.3;94.5;.228;.424;.464;44.7;79.4;9.5;8.9;;.435;9.8;25.0;.152;;.550;12.9;69.0;.100;DAL
19;19;02/12/2023;;OKC;L;120;126;119.3;125.3;100.6;.402;.598;.586;48.5;66.7;5.0;21.4;;.557;12.8;30.6;.264;;.540;9.9;66.7;.180;DAL
18;18;27/11/2023;@;UTA;L;112;114;116.1;118.1;96.5;.284;.250;.566;52.7;61.4;5.2;2.5;;.540;7.5;24.4;.193;;.517;9.1;80.4;.261;NOP
19;19;29/11/2023;;PHI;W;124;114;125.9;115.8;98.5;.436;.385;.667;57.1;78.6;11.2;8.5;;.603;17.7;37.1;.385;;.605;19.1;77.1;.198;NOP
20;20;01/12/2023;;SAS;W;121;106;123.8;108.4;97.8;.341;.365;.619;51.9;61.9;8.2;13.6;;.553;10.1;24.4;.318;;.554;17.4;80.0;.169;NOP
21;21;02/12/2023;@;CHI;L;118;124;125.6;132.0;94.0;.427;.305;.606;48.8;48.8;10.6;2.1;;.549;11.0;31.0;.341;;.642;12.1;68.4;.125;NOP
